Source,Company,Title,Location,URL,Matched Certifications,Scraped On
Workday,caci,Cyber Incident Response Analyst,"Hampton, VA, US",https://caci.wd1.myworkdayjobs.com/External/job/Hampton-VA-US/Cyber-Incident-Response-Analyst_332106,"CompTIA Security+, CompTIA CySA+, GIAC GCIH, CompTIA PenTest+",2026-10-05
Workday,caci,Senior Cyber Security Engineer,"Colorado Springs, CO, US",https://caci.wd1.myworkdayjobs.com/External/job/Colorado-Springs-CO-US/Senior-Cyber-Security-Engineer_332619,"CISA, CompTIA CySA+, GIAC GPEN",2026-10-05
Workday,caci,Junior Cyber Security Engineer,"Colorado Springs, CO, US",https://caci.wd1.myworkdayjobs.com/External/job/Colorado-Springs-CO-US/Junior-Cyber-Security-Engineer_332795,"CompTIA Security+, CEH",2026-10-05
Workday,caci,Penetration Tester - Cyber Engineer,"Aberdeen Proving Ground, MD, US",https://caci.wd1.myworkdayjobs.com/External/job/Aberdeen-Proving-Ground-MD-US/Penetration-Tester---Cyber-Engineer_329457,"CISSP, CEH, OSCP, GIAC GPEN, GIAC (other)",2026-10-05
Workday,caci,Cyber Monitoring Analyst,"Hampton, VA, US",https://caci.wd1.myworkdayjobs.com/External/job/Hampton-VA-US/Cyber-Monitoring-Analyst_332343,CompTIA Security+,2026-10-05
Workday,caci,Penetration Tester,"Chantilly, VA, US",https://caci.wd1.myworkdayjobs.com/External/job/Chantilly-VA-US/Penetration-Tester_301872-1,"CISSP, CEH, OSCP, GIAC GPEN, GIAC (other)",2026-10-05
Workday,caci,Application Security Engineer,Remote (Any State),https://caci.wd1.myworkdayjobs.com/External/job/Remote-Any-State/Application-Security-Engineer_331481,"CompTIA Security+, CEH, GIAC GSEC, GIAC GCIH, CompTIA PenTest+",2026-10-05
Workday,caci,Cyber Monitoring Analyst,"Hampton, VA, US",https://caci.wd1.myworkdayjobs.com/External/job/Hampton-VA-US/Cyber-Monitoring-Analyst_332108,CompTIA Security+,2026-10-05
Workday,caci,Application Security Engineer,Remote (Any State),https://caci.wd1.myworkdayjobs.com/External/job/Remote-Any-State/Application-Security-Engineer_331495,"CompTIA Security+, CEH, GIAC GSEC, GIAC GCIH, CompTIA PenTest+",2026-10-05
Workday,caci,Offensive Security Technical Lead,Remote (Any State),https://caci.wd1.myworkdayjobs.com/External/job/Remote-Any-State/Offensive-Security-Technical-Lead_331687,"CISA, GIAC GPEN, GIAC (other), OSEP, OSWE",2026-10-05
Workday,caci,Cybersecurity Engineer,"Oklahoma City, OK, US",https://caci.wd1.myworkdayjobs.com/External/job/Oklahoma-City-OK-US/Cybersecurity-Engineer_329154,"CISSP, OSCP, CCSP, GIAC GPEN, GIAC (other)",2026-10-05
Workday,caci,Journeyman Cybersecurity Engineer,"Ashburn, VA, US",https://caci.wd1.myworkdayjobs.com/External/job/Ashburn-VA-US/Journeyman-Cybersecurity-Engineer_332454,"CISSP, CompTIA Security+, CEH, CCSP, GIAC (other)",2026-10-05
Workday,caci,Network and Cyber Test Data Analyst,"Alexandria, VA, US",https://caci.wd1.myworkdayjobs.com/External/job/Alexandria-VA-US/Network-and-Cyber-Test-Data-Analyst_332918,,2026-10-05
Workday,caci,Cyber Security Analyst,"Chantilly, VA, US",https://caci.wd1.myworkdayjobs.com/External/job/Chantilly-VA-US/Cyber-Security-Analyst_329222,,2026-10-05
Workday,caci,Senior Cyber Security Engineer,"Ashburn, VA, US",https://caci.wd1.myworkdayjobs.com/External/job/Ashburn-VA-US/Senior-Cyber-Security-Engineer_332465-1,"CISSP, CISM, OSCP, CCSP, GIAC (other)",2026-10-05
Workday,caci,Cloud Security Specialist - SOCEUR,Remote (Any State),https://caci.wd1.myworkdayjobs.com/External/job/Remote-Any-State/Cloud-Security-Specialist---SOCEUR_329189,"CISSP, CEH, CompTIA CySA+, CCSP",2026-10-05
Workday,caci,Security Engineer,"Washington, DC, US",https://caci.wd1.myworkdayjobs.com/External/job/Washington-DC-US/Security-Engineer_332566,"CISSP, CompTIA Security+, CEH, GIAC GSEC, GIAC GCIH, GIAC GCIA, GIAC (other)",2026-10-05
Workday,caci,Cyber Network Security Engineer,"Chantilly, VA, US",https://caci.wd1.myworkdayjobs.com/External/job/Chantilly-VA-US/Cyber-Network-Security-Engineer_311531-1,,2026-10-05
Workday,caci,Cybersecurity Engineer / Cybersecurity Subject Matter Expert (SME) – Army Tactical System,"Fort Belvoir, VA, US",https://caci.wd1.myworkdayjobs.com/External/job/Fort-Belvoir-VA-US/Cybersecurity-Engineer---Cybersecurity-Subject-Matter-Expert--SME----Army-Tactical-System_328276,CompTIA Security+,2026-10-05
Workday,caci,Senior Penetration Tester & Assessments Lead,Remote (Any State),https://caci.wd1.myworkdayjobs.com/External/job/Remote-Any-State/Senior-Penetration-Tester---Assessments-Lead_331686,"CISA, OSCP, GIAC GPEN, GIAC (other), OSEP, OSWE",2026-10-05
Workday,nvidia,Senior Security Architect - Hardware,"US, CA, Santa Clara",https://nvidia.wd5.myworkdayjobs.com/NVIDIAExternalCareerSite/job/US-CA-Santa-Clara/Senior-Security-Architect---Hardware_JR2020941,,2026-10-05
Workday,caci,Senior Red Team Operator / SME,Remote (Any State),https://caci.wd1.myworkdayjobs.com/External/job/Remote-Any-State/Senior-Red-Team-Operator---SME_331721,"OSCP, GIAC GPEN, GIAC (other), OSEP",2026-10-05
Workday,caci,Cybersecurity Assessment Data Analyst,Remote (Any State),https://caci.wd1.myworkdayjobs.com/External/job/Remote-Any-State/Cybersecurity-Assessment-Data-Analyst_331684,"CISA, GIAC (other)",2026-10-05
Workday,nvidia,Cyber Security Analyst,"India, Bengaluru",https://nvidia.wd5.myworkdayjobs.com/NVIDIAExternalCareerSite/job/India-Bengaluru/Cyber-Security-Analyst_JR2018645,"CISSP, GIAC GCIH, GIAC (other)",2026-10-05
Workday,nvidia,Senior Network Security Architect,"US, CA, Santa Clara",https://nvidia.wd5.myworkdayjobs.com/NVIDIAExternalCareerSite/job/US-CA-Santa-Clara/Senior-Network-Security-Architect_JR2025110,,2026-10-05
Workday,nvidia,Senior Hardware Security Architect,"US, CA, Santa Clara",https://nvidia.wd5.myworkdayjobs.com/NVIDIAExternalCareerSite/job/US-CA-Santa-Clara/Senior-Hardware-Security-Architect_JR2025548,,2026-10-05
Workday,nvidia,Senior Cybersecurity Engineer – Identity Platform and Access Management,"US, CA, Santa Clara",https://nvidia.wd5.myworkdayjobs.com/NVIDIAExternalCareerSite/job/US-CA-Santa-Clara/Senior-Cybersecurity-Engineer---Identity-Platform-and-Access-Management_JR2016493,,2026-10-05
Workday,nvidia,Senior Product Security Compliance Architect,"Israel, Tel Aviv",https://nvidia.wd5.myworkdayjobs.com/NVIDIAExternalCareerSite/job/Israel-Tel-Aviv/Senior-Product-Security-Compliance-Architect_JR2023917,,2026-10-05
Workday,nvidia,Senior Product Security Lead – NVIDIA Jetson,"US, CA, Santa Clara",https://nvidia.wd5.myworkdayjobs.com/NVIDIAExternalCareerSite/job/US-CA-Santa-Clara/Senior-Product-Security-Lead---NVIDIA-Jetson_JR2025433,,2026-10-05
Workday,nvidia,Security Architect - New College Grad 2026,"US, CA, Santa Clara",https://nvidia.wd5.myworkdayjobs.com/NVIDIAExternalCareerSite/job/US-CA-Santa-Clara/Security-Architect---New-College-Grad-2026_JR2026387-1,,2026-10-05
Workday,caci,Information Systems Security Engineer (ISSE),Remote (Any State),https://caci.wd1.myworkdayjobs.com/External/job/Remote-Any-State/Information-Systems-Security-Engineer--ISSE-_332907,"CISSP, CISM, CISA, CEH",2026-10-05
Workday,mastercard,"Principal, AI Security Engineer","O'Fallon, Missouri",https://mastercard.wd1.myworkdayjobs.com/CorporateCareers/job/OFallon-Missouri/Principal--AI-Security-Engineer_R-282644-1,"CISSP, OSCP, CCSP, GIAC (other)",2026-10-05
Workday,nvidia,"Security Research Engineer, AI Safety and Security Engineering","US, CA, Santa Clara",https://nvidia.wd5.myworkdayjobs.com/NVIDIAExternalCareerSite/job/US-CA-Santa-Clara/Security-Research-Engineer--AI-Safety-and-Security-Engineering_JR2021887,,2026-10-05
Workday,nvidia,Senior Cybersecurity AI Solutions Engineer,"Israel, Yokneam",https://nvidia.wd5.myworkdayjobs.com/NVIDIAExternalCareerSite/job/Israel-Yokneam/Senior-Cybersecurity-AI-Solutions-Engineer_JR2024499-1,,2026-10-05
Workday,nvidia,"Campaign Manager, Cybersecurity","US, CA, Santa Clara",https://nvidia.wd5.myworkdayjobs.com/NVIDIAExternalCareerSite/job/US-CA-Santa-Clara/Campaign-Manager--Cybersecurity_JR2019233,,2026-10-05
Workday,pwc,Senior Associate - Cyber Security (Pentest),Hanoi,https://pwc.wd3.myworkdayjobs.com/Global_Experienced_Careers/job/Hanoi/Senior-Associate---Cyber-Security--Pentest-_741364WD,"CISSP, CISM, OSCP, CCSP, CRISC, OSEP, OSWE, PMP",2026-10-05
Workday,pwc,Risk Services - Red Team Consultant (Associate / Senior Associate / Assistant Manager),Singapore,https://pwc.wd3.myworkdayjobs.com/Global_Experienced_Careers/job/Singapore/Risk-Services---Red-Team-Consultant--Associate---Senior-Associate---Assistant-Manager-_743334WD,"OSCP, OSEP",2026-10-05
Workday,nvidia,Cyber Security Analyst,"India, Bengaluru",https://nvidia.wd5.myworkdayjobs.com/NVIDIAExternalCareerSite/job/India-Bengaluru/Cyber-Security-Analyst_JR2015853,"CISSP, GIAC GCIH, GIAC (other)",2026-10-05
Workday,nvidia,"Senior Manager, AI Safety and Security Engineering","US, CA, Santa Clara",https://nvidia.wd5.myworkdayjobs.com/NVIDIAExternalCareerSite/job/US-CA-Santa-Clara/Senior-Manager--AI-Safety-and-Security-Engineering_JR2021882,,2026-10-05
Workday,nvidia,Senior IT Enterprise Security Engineer,"Israel, Yokneam",https://nvidia.wd5.myworkdayjobs.com/NVIDIAExternalCareerSite/job/Israel-Yokneam/Senior-IT-Enterprise-Security-Engineer_JR2024000,,2026-10-05
Workday,nvidia,"Distinguished Engineer, AI Safety and Security Engineering","US, CA, Santa Clara",https://nvidia.wd5.myworkdayjobs.com/NVIDIAExternalCareerSite/job/US-CA-Santa-Clara/Distinguished-Engineer--AI-Safety-and-Security-Engineering_JR2021883,,2026-10-05
Workday,nvidia,Intellectual Property Security Engineer,"US, CA, Santa Clara",https://nvidia.wd5.myworkdayjobs.com/NVIDIAExternalCareerSite/job/US-CA-Santa-Clara/Intellectual-Property-Security-Engineer_JR2021915,,2026-10-05
Workday,nvidia,"Senior Offensive Security Engineer, Automotive","US, CA, Santa Clara",https://nvidia.wd5.myworkdayjobs.com/NVIDIAExternalCareerSite/job/US-CA-Santa-Clara/Senior-Offensive-Security-Engineer--Automotive_JR2022838-1,,2026-10-05
Workday,nvidia,"Senior Security Engineer, RTOS and Virtualization","US, CA, Santa Clara",https://nvidia.wd5.myworkdayjobs.com/NVIDIAExternalCareerSite/job/US-CA-Santa-Clara/Senior-Security-Engineer--RTOS-and-Virtualization_JR2023153,,2026-10-05
Workday,pwc,"Risk Services, Cybersecurity Senior Associate / Assistant Manager - Offensive Security (Security Testing Delivery)",Singapore,https://pwc.wd3.myworkdayjobs.com/Global_Experienced_Careers/job/Singapore/Risk-Services--Technology-Risk-Services---Penetration-Testing---Red-Team--Manager---Assistant-Manager-_714512WD,"CEH, OSCP, GIAC GPEN, GIAC (other), OSWE, PMP",2026-10-05
Workday,nvidia,"Harness and Platform Engineer, AI Safety and Security Engineering","US, CA, Santa Clara",https://nvidia.wd5.myworkdayjobs.com/NVIDIAExternalCareerSite/job/US-CA-Santa-Clara/Harness-and-Platform-Engineer--AI-Safety-and-Security-Engineering_JR2021886,,2026-10-05
Workday,pwc,Cyber Security Consultant,Qormi,https://pwc.wd3.myworkdayjobs.com/Global_Experienced_Careers/job/Qormi/Cyber-Security-Consultant_747649WD,CompTIA Security+,2026-10-05
Workday,nvidia,Senior Network Security Engineer - DGX Cloud,"US, CA, Santa Clara",https://nvidia.wd5.myworkdayjobs.com/NVIDIAExternalCareerSite/job/US-CA-Santa-Clara/Senior-Network-Security-Engineer---DGX-Cloud_JR2021512,,2026-10-05
Workday,pwc,Application Penetration Testing Manager,Prague,https://pwc.wd3.myworkdayjobs.com/Global_Experienced_Careers/job/Prague/Application-Penetration-Tester_709205WD,,2026-10-05
Workday,caci,Information Security Analyst-Senior (RMF),"Fort Bragg, NC, US",https://caci.wd1.myworkdayjobs.com/External/job/Fort-Bragg-NC-US/Information-Security-Analyst-Senior--RMF-_333052,,2026-10-05
Workday,caci,Cyber Security Intern - Summer 2027,"Springfield, VA, US",https://caci.wd1.myworkdayjobs.com/External/job/Springfield-VA-US/Cyber-Security-Intern---Summer-2027_333046,,2026-10-05
Workday,caci,Cyber Analyst,"Albuquerque, NM, US",https://caci.wd1.myworkdayjobs.com/External/job/Albuquerque-NM-US/Cyber-Analyst_333038,"CompTIA Security+, CompTIA Network+",2026-10-05
Workday,caci,Network / Cybersecurity Intern - Summer 2027,"High Point, NC, US",https://caci.wd1.myworkdayjobs.com/External/job/High-Point-NC-US/Network---Cybersecurity-Intern---Summer-2027_333001,"CompTIA Security+, CompTIA Network+",2026-10-05
Workday,caci,Network / Cybersecurity Intern - Summer 2027,"High Point, NC, US",https://caci.wd1.myworkdayjobs.com/External/job/High-Point-NC-US/Network---Cybersecurity-Intern---Summer-2027_333034-1,"CompTIA Security+, CompTIA Network+",2026-10-05
Workday,caci,Cybersecurity Implementation Engineer,"Springfield, VA, US",https://caci.wd1.myworkdayjobs.com/External/job/Springfield-VA-US/Cybersecurity-Implementation-Engineer_323515,,2026-10-05
Workday,caci,Cyber Security Engineer,"Oklahoma City, OK, US",https://caci.wd1.myworkdayjobs.com/External/job/Oklahoma-City-OK-US/Cyber-Security-Engineer_332859,"CISSP, CompTIA Security+, CEH, CompTIA CySA+",2026-10-05
Workday,caci,Cybersecurity Engineer - Network Security Tools,"St. Louis, MO, US",https://caci.wd1.myworkdayjobs.com/External/job/St-Louis-MO-US/Cybersecurity-Engineer---Network-Security-Tools_332989,"CompTIA Security+, CEH, CompTIA CySA+",2026-10-05
Workday,caci,SAP Security Engineer,Remote (Any State),https://caci.wd1.myworkdayjobs.com/External/job/Remote-Any-State/SAP-Security-Engineer_333014,"CompTIA Security+, CCSP, GIAC GSEC",2026-10-05
Workday,caci,Senior Cybersecurity Engineer,"Springfield, VA, US",https://caci.wd1.myworkdayjobs.com/External/job/Springfield-VA-US/Senior-Cyber-Security-Engineer_323488,,2026-10-05
Workday,caci,Chief Cybersecurity Engineer,"Springfield, VA, US",https://caci.wd1.myworkdayjobs.com/External/job/Springfield-VA-US/Chief-Cybersecurity-Engineer_331677,,2026-10-05
Workday,caci,Cybersecurity Liaison Officer,"Colorado Springs, CO, US",https://caci.wd1.myworkdayjobs.com/External/job/Colorado-Springs-CO-US/Cybersecurity-Liaison-Officer_332751,"CISSP, CompTIA Security+, CISM, PMP",2026-10-05
Workday,caci,Senior Cybersecurity Engineer,"Springfield, VA, US",https://caci.wd1.myworkdayjobs.com/External/job/Springfield-VA-US/Senior-Cybersecurity-Engineer_332912,,2026-10-05
Workday,caci,Cyber Data Analysis Engineer (Elasticsearch),"Springfield, VA, US",https://caci.wd1.myworkdayjobs.com/External/job/Springfield-VA-US/Cyber-Data-Analytics-Engineer_322946,,2026-10-05
Workday,caci,Sr. Staff Information Systems Security Engineer (ISSE),"Chantilly, VA, US",https://caci.wd1.myworkdayjobs.com/External/job/Chantilly-VA-US/Sr-Staff-Information-Systems-Security-Engineer--ISSE-_332805,"CompTIA Security+, CompTIA CySA+, CCNA",2026-10-05
Workday,pwc,Cybersecurity - Penetration Tester - Senior Associate - Roma  [OTS],Rome,https://pwc.wd3.myworkdayjobs.com/Global_Experienced_Careers/job/Rome/Cybersecurity---Penetration-Tester---Senior-Associate---Roma---OTS-_740096WD,"OSCP, GIAC (other)",2026-10-05
Workday,caci,Cybersecurity Engineer,Remote (Any State),https://caci.wd1.myworkdayjobs.com/External/job/Remote-Any-State/Cybersecurity-Engineer_332646,,2026-10-05
Workday,pwc,Penetration Testing Senior Associate,Karachi,https://pwc.wd3.myworkdayjobs.com/Global_Experienced_Careers/job/Karachi/Penetration-Testing-Senior-Associate_714191WD,"CEH, OSCP",2026-10-05
Workday,pwc,"ETIC, Cybersecurity Ethical Hacking Associate",Cairo - ETIC,https://pwc.wd3.myworkdayjobs.com/Global_Experienced_Careers/job/Cairo---ETIC/ETIC--Cybersecurity-Ethical-Hacking-Associate_663813WD,"CISSP, CEH, OSCP, GIAC GPEN",2026-10-05
Workday,pwc,Cybersecurity Threat & Vulnerability Management | Senior Manager | Cyber Security | Technology Consulting,Dublin,https://pwc.wd3.myworkdayjobs.com/Global_Experienced_Careers/job/Dublin/Cybersecurity-Threat---Vulnerability-Management---Senior-Manager---Cyber-Security---Technology-Consulting_686492WD,"OSCP, OSEP, OSWE",2026-10-05
Workday,caci,Senior Cybersecurity Engineer,"Springfield, VA, US",https://caci.wd1.myworkdayjobs.com/External/job/Springfield-VA-US/Senior-Cybersecurity-Engineer_332700,,2026-10-05
Workday,caci,Sr. SOF Cyberspace Operations Specialist,"Fort Bragg, NC, US",https://caci.wd1.myworkdayjobs.com/External/job/Fort-Bragg-NC-US/Sr-SOF-Cyberspace-Operations-Specialist_332594,,2026-10-05
Workday,caci,"Technical Project Manager – Hybrid Cloud, Zero Trust, and Cybersecurity","San Antonio, TX, US",https://caci.wd1.myworkdayjobs.com/External/job/San-Antonio-TX-US/Technical-Project-Manager---Hybrid-Cloud--Zero-Trust--and-Cybersecurity_332352-1,PMP,2026-10-05
Workday,caci,Cyber Security Operations Manager,"Oklahoma City, OK, US",https://caci.wd1.myworkdayjobs.com/External/job/Oklahoma-City-OK-US/Cyber-Security-Operations-Manager_331924-1,"CISSP, CompTIA Security+, CEH, CompTIA CySA+",2026-10-05
Workday,pwc,1-10yrs Application for Cyber- Kolkata DN 57 - RDC,Kolkata,https://pwc.wd3.myworkdayjobs.com/Global_Experienced_Careers/job/Kolkata/XMLNAME-1-10yrs-Application-for-Cyber--Kolkata-DN-57---RDC_335325WD-1,"CompTIA Security+, CISM, CISA, CEH, OSCP",2026-10-05
Workday,pwc,"ETIC, Cyber Risk - Cybersecurity - Senior Associate",Cairo - ETIC,https://pwc.wd3.myworkdayjobs.com/Global_Experienced_Careers/job/Cairo---ETIC/ETIC--Cyber-Risk---Cybersecurity---Senior-Associate_598764WD,CISSP,2026-10-05
Workday,pwc,Application Security Manager,Makati,https://pwc.wd3.myworkdayjobs.com/Global_Experienced_Careers/job/Makati/Application-Security-Manager_406748WD,"OSCP, GIAC (other)",2026-10-05
Workday,caci,"Cyber Security Analyst, ISSM","Alexandria, VA, US",https://caci.wd1.myworkdayjobs.com/External/job/Alexandria-VA-US/Cyber-Security-Analyst--ISSM_332268,,2026-10-05
Workday,caci,Junior Cyber Software Engineer,"Aberdeen Proving Ground, MD, US",https://caci.wd1.myworkdayjobs.com/External/job/Aberdeen-Proving-Ground-MD-US/Junior-Cyber-Software-Engineer_332339,CompTIA Security+,2026-10-05
Workday,pwc,Cybersecurity Threat & Vulnerability | Manager | Cyber Security | Technology Consulting | Advisory,Dublin,https://pwc.wd3.myworkdayjobs.com/Global_Experienced_Careers/job/Dublin/Cybersecurity-Threat---Vulnerability---Manager---Cyber-Security---Technology-Consulting---Advisory_701419WD,"OSCP, OSEP, OSWE",2026-10-05
Workday,caci,Cybersecurity Focused Operations Lead,"Springfield, VA, US",https://caci.wd1.myworkdayjobs.com/External/job/Springfield-VA-US/Cybersecurity-Focused-Operations-Lead_332290,,2026-10-05
Workday,caci,Cybersecurity Data Engineer – Cloud & SIEM,"San Antonio, TX, US",https://caci.wd1.myworkdayjobs.com/External/job/San-Antonio-TX-US/Senior-Cloud-DevOps-Engineer_331290,Splunk Certified,2026-10-05
Workday,caci,Cyber Advisor - SOUTHCOM Joint CCMD Cyber Assistance Team,"Doral, FL, US",https://caci.wd1.myworkdayjobs.com/External/job/Doral-FL-US/Cyber-Advisor---SOUTHCOM-Joint-CCMD-Cyber-Assistance-Team_332257,"CompTIA Security+, PMP",2026-10-05
Workday,caci,Cyber Security Engineer - NSS Tools,"St. Louis, MO, US",https://caci.wd1.myworkdayjobs.com/External/job/St-Louis-MO-US/Cyber-Security-Engineer---NSS-Tools_332293,"CompTIA Security+, CEH, CompTIA CySA+",2026-10-05
Workday,caci,NASA Moon Base Flight Software and Cybersecurity Systems Engineer,"Houston, TX, US",https://caci.wd1.myworkdayjobs.com/External/job/Houston-TX-US/NASA-Moon-Base-Flight-Software-and-Cybersecurity-Systems-Engineer_332704,,2026-10-05
Workday,caci,Cybersecurity Engineer,"High Point, NC, US",https://caci.wd1.myworkdayjobs.com/External/job/High-Point-NC-US/Cybersecurity-Engineer_332466,,2026-10-05
Workday,caci,DPAE Aircraft Carriers Sr Cyber Security Architect,"Washington, DC, US",https://caci.wd1.myworkdayjobs.com/External/job/Washington-DC-US/DPAE-Aircraft-Carriers-Sr-Cyber-Security-Architect_331391,"CISSP, CISM",2026-10-05
Workday,caci,Cyber Reverse Engineer,"Aberdeen Proving Ground, MD, US",https://caci.wd1.myworkdayjobs.com/External/job/Aberdeen-Proving-Ground-MD-US/Junior-Reverse-Engineer_329484,,2026-10-05
Workday,caci,Cybersecurity Engineer,"Alexandria, VA, US",https://caci.wd1.myworkdayjobs.com/External/job/Alexandria-VA-US/Cybersecurity-Engineer_332261,CISSP,2026-10-05
Workday,caci,DevSecOps Engineer,"Tampa, FL, US",https://caci.wd1.myworkdayjobs.com/External/job/Tampa-FL-US/DevSecOps-Engineer_325176,CompTIA Security+,2026-10-05
Workday,caci,Vulnerability Assessment Analyst - Information Systems Security Engineer,"Annapolis Junction, MD, US",https://caci.wd1.myworkdayjobs.com/External/job/Annapolis-Junction-MD-US/Vulnerability-Assessment-Analyst---Information-Systems-Security-Engineer_331791,"CompTIA Security+, CEH",2026-10-05
Workday,caci,Cyber Reverse Engineer,"Aberdeen Proving Ground, MD, US",https://caci.wd1.myworkdayjobs.com/External/job/Aberdeen-Proving-Ground-MD-US/Cyber-Reverse-Engineer_332046,,2026-10-05
Workday,caci,DevSecOps Engineer,"Tampa, FL, US",https://caci.wd1.myworkdayjobs.com/External/job/Tampa-FL-US/DevSecOps-Engineer_330626,CompTIA Security+,2026-10-05
Workday,caci,Cyber Software Engineer,"Florham Park, NJ, US",https://caci.wd1.myworkdayjobs.com/External/job/Florham-Park-NJ-US/Cyber-Software-Engineer_330859,,2026-10-05
Workday,caci,Cyber Software Engineer,"Florham Park, NJ, US",https://caci.wd1.myworkdayjobs.com/External/job/Florham-Park-NJ-US/Cyber-Software-Engineer_330281,,2026-10-05
Workday,caci,CISO Senior Manager,"National Harbor, MD, US",https://caci.wd1.myworkdayjobs.com/External/job/National-Harbor-MD-US/CISO-Senior-Manager_331794,,2026-10-05
Workday,caci,Vulnerability Research and Exploit Developer,"Fort Meade, MD, US",https://caci.wd1.myworkdayjobs.com/External/job/Fort-Meade-MD-US/Vulnerability-Research-and-Exploit-Developer_331486,"OSCP, GIAC GREM, GIAC (other)",2026-10-05
Workday,caci,Information Systems Security Engineer,"Chantilly, VA, US",https://caci.wd1.myworkdayjobs.com/External/job/Chantilly-VA-US/Information-Systems-Security-Engineer_331416-1,"CompTIA Security+, CompTIA CySA+, CCNA",2026-10-05
Workday,caci,Cyber Data Analyst Engineer,"St. Louis, MO, US",https://caci.wd1.myworkdayjobs.com/External/job/St-Louis-MO-US/Cyber-Data-Analyst-Engineer_331595,,2026-10-05
Workday,caci,Cyber Data Analyst Engineer,"St. Louis, MO, US",https://caci.wd1.myworkdayjobs.com/External/job/St-Louis-MO-US/Cyber-Data-Analyst-Engineer_331592,,2026-10-05
Workday,caci,Senior Microsoft Cloud Security Engineer,"Arlington, VA, US",https://caci.wd1.myworkdayjobs.com/External/job/Arlington-VA-US/Senior-Microsoft-Cloud-Security-Engineer_331257,"CISSP, CompTIA Security+, OSCP, GIAC GCIH, Azure Security Engineer (AZ-500), Microsoft SC-200 (Security Operations Analyst), Microsoft SC-300 (Identity & Access Administrator), Microsoft SC-100 (Cybersecurity Architect), PMP",2026-10-05
Workday,caci,AI-Assisted Cyber Analysis Specialist,Remote (Any State),https://caci.wd1.myworkdayjobs.com/External/job/Remote-Any-State/AI-Assisted-Cyber-Analysis-Specialist_331685,,2026-10-05
Workday,caci,Information Systems Security Engineer ( ISSE),"Columbia, MD, US",https://caci.wd1.myworkdayjobs.com/External/job/Columbia-MD-US/Information-Systems-Security-Engineer---ISSE-_327204-1,,2026-10-05
Workday,caci,Senior Cyber Security Engineer (Splunk),"Chantilly, VA, US",https://caci.wd1.myworkdayjobs.com/External/job/Chantilly-VA-US/Senior-Cyber-Security-Engineer--Splunk-_327400,,2026-10-05
Workday,caci,Endpoint Security Engineer III - Nessus,"Springfield, VA, US",https://caci.wd1.myworkdayjobs.com/External/job/Springfield-VA-US/Endpoint-Security-Engineer-III---Nessus_331195,,2026-10-05
Workday,caci,Cyber Data Analysis Engineer III,"Springfield, VA, US",https://caci.wd1.myworkdayjobs.com/External/job/Springfield-VA-US/Cyber-Data-Analyst-Engineer-III_323397,,2026-10-05
Workday,caci,Cyber Security Engineering Manager,"Oklahoma City, OK, US",https://caci.wd1.myworkdayjobs.com/External/job/Oklahoma-City-OK-US/Cyber-Security-Engineering-Manager_331312,"CISSP, CompTIA Security+, CEH, CompTIA CySA+",2026-10-05
Workday,caci,Cloud Security Engineer,"Washington, DC, US",https://caci.wd1.myworkdayjobs.com/External/job/Washington-DC-US/Cloud-Security-Engineer_331199,"CISSP, CompTIA Security+, CISM, CompTIA CySA+, CCNA",2026-10-05
Workday,caci,Senior Cyber Security Security Engineer - Comply-to-Connect (C2C),"Chantilly, VA, US",https://caci.wd1.myworkdayjobs.com/External/job/Chantilly-VA-US/Senior-Cyber-Security-Security-Engineer---Comply-to-Connect--C2C-_327412,"CISSP, CompTIA Security+, GIAC GSEC, SSCP, CCNA",2026-10-05
Workday,caci,"Cyber System Administrator, Senior","Fort Bragg, NC, US",https://caci.wd1.myworkdayjobs.com/External/job/Fort-Bragg-NC-US/Cyber-System-Administrator--Senior_329977,"CISSP, CompTIA Security+, CISM, CompTIA CySA+, GIAC GSEC, SSCP, CCNA",2026-10-05
Workday,caci,"Cyber Reverse Engineer, Senior","Sterling, VA, US",https://caci.wd1.myworkdayjobs.com/External/job/Sterling-VA-US/Cyber-Reverse-Engineer--Senior_325617,"CompTIA Security+, OSCP, GIAC GREM, GIAC (other)",2026-10-05
Workday,caci,Senior Software Engineer - Cybersecurity & DevOps,"Linthicum, MD, US",https://caci.wd1.myworkdayjobs.com/External/job/Linthicum-MD-US/Senior-Software-Engineer---Cybersecurity---DevOps_320640,,2026-10-05
Workday,caci,Endpoint Security Engineer III - Nessus,"St. Louis, MO, US",https://caci.wd1.myworkdayjobs.com/External/job/St-Louis-MO-US/Endpoint-Security-Engineer-III---Nessus_329907-1,,2026-10-05
Workday,caci,Cybersecurity Software Developer,"Chantilly, VA, US",https://caci.wd1.myworkdayjobs.com/External/job/Chantilly-VA-US/Cybersecurity-Software-Developer_327080-1,,2026-10-05
Workday,caci,Cyber Security Architect - SOCEUR,Remote (Any State),https://caci.wd1.myworkdayjobs.com/External/job/Remote-Any-State/Cyber-Security-Architect---SOCEUR_329190,"CISSP, Google Professional Cloud Security Engineer",2026-10-05
Workday,caci,SOUTHCOM Cyber Intelligence Analyst,"Doral, FL, US",https://caci.wd1.myworkdayjobs.com/External/job/Doral-FL-US/SOUTHCOM-Cyber-Intelligence-Analyst_329376,"CISSP, CompTIA Security+, CEH, CompTIA CySA+, GIAC GSEC, GIAC GCIH, GIAC GCIA, GIAC (other), CompTIA CASP+ / SecurityX",2026-10-05
Workday,caci,Senior Cyber Security Engineer (Splunk),"Chantilly, VA, US",https://caci.wd1.myworkdayjobs.com/External/job/Chantilly-VA-US/Senior-Cyber-Security-Engineer--Splunk-_321992,"CompTIA Security+, GIAC GSEC, CCNA",2026-10-05
Workday,caci,Cyber Security Operations Specialist III - Tier 3,"Springfield, VA, US",https://caci.wd1.myworkdayjobs.com/External/job/Springfield-VA-US/Cyber-Security-Operations-Specialist-III---Tier-3_327310,,2026-10-05
Workday,caci,Offensive Cyber Operations Integrator,"Joint Base Lewis-Mcchord, WA, US",https://caci.wd1.myworkdayjobs.com/External/job/Joint-Base-Lewis-Mcchord-WA-US/Offensive-Cyber-Operations-Integrator_332826,,2026-10-05
Workday,caci,SAP GRC Expert,Remote (Any State),https://caci.wd1.myworkdayjobs.com/External/job/Remote-Any-State/SAP-GRC-Expert_333013,"CompTIA Security+, CCSP, GIAC GSEC",2026-10-05
Workday,caci,Offensive Cyber Operations Integrator,"Colorado Springs, CO, US",https://caci.wd1.myworkdayjobs.com/External/job/Colorado-Springs-CO-US/Offensive-Cyber-Operations-Integrator_332827,,2026-10-05
Workday,caci,UAS Red Team Pilot,"Aberdeen Proving Ground, MD, US",https://caci.wd1.myworkdayjobs.com/External/job/Aberdeen-Proving-Ground-MD-US/UAS-Red-Team-Pilot_331090,,2026-10-05
Workday,salesforce,"Senior Director, Security Engineering - Slack",California - San Francisco,https://salesforce.wd12.myworkdayjobs.com/External_Career_Site/job/California---San-Francisco/Senior-Director--Security-Engineering---Slack_JR361721-2,,2026-10-05
Workday,caci,Endpoint Security Engineer III,"Springfield, VA, US",https://caci.wd1.myworkdayjobs.com/External/job/Springfield-VA-US/Endpoint-Security-Engineer-III_327539,,2026-10-05
Workday,salesforce,Principal Product Security Engineer,California - San Francisco,https://salesforce.wd12.myworkdayjobs.com/External_Career_Site/job/California---San-Francisco/Principal-Product-Security-Engineer_JR359769,,2026-10-05
Workday,cvshealth,"R1054609 Senior Analyst, IT Compliance & Risk - Identity and Access Management (IAM)",Woonsocket-1 CVS Drive,https://cvshealth.wd1.myworkdayjobs.com/CVS_Health_Careers/job/Woonsocket-1-CVS-Drive/Senior-Analyst--Security-Risk-Management---Identity-and-Access-Management--IAM-_R1054609-1,"CISSP, CISM, CISA, CCSP",2026-10-05
Workday,caci,Cyber Operations Integrator (Offensive),"Fort Campbell, KY, US",https://caci.wd1.myworkdayjobs.com/External/job/Fort-Campbell-KY-US/Cyber-Operations-Integrator_328261,,2026-10-05
Workday,salesforce,"Sr. GRC Analyst, Policy Operations",Washington - Seattle,https://salesforce.wd12.myworkdayjobs.com/External_Career_Site/job/Washington---Seattle/Sr-GRC-Analyst--Policy-Operations_JR361730,"CISM, CISA, CRISC",2026-10-05
Workday,salesforce,Security GRC Senior Analyst,Virginia - Herndon,https://salesforce.wd12.myworkdayjobs.com/External_Career_Site/job/Virginia---Herndon/Security-GRC-Lead_JR338637,"CISSP, CISM, CISA",2026-10-05
Workday,salesforce,Pre-sales Security Architect - Public Sector/DOW,Virginia - Mclean,https://salesforce.wd12.myworkdayjobs.com/External_Career_Site/job/Virginia---Mclean/Pre-Sales-Security-Architect---Public-Sector-DOW_JR357692,"CISSP, CISA, CEH, CCSP, GIAC GCIH",2026-10-05
Workday,salesforce,Enterprise Endpoint Security Architect,Washington - Bellevue,https://salesforce.wd12.myworkdayjobs.com/External_Career_Site/job/Washington---Bellevue/Enterprise-Endpoint-Security-Architect_JR358423,"CISSP, CCSP",2026-10-05
Workday,caci,Offensive Cyber Operations Integrator,"Eglin AFB, FL, US",https://caci.wd1.myworkdayjobs.com/External/job/Eglin-AFB-FL-US/Cyber-Operations-Integrator_329939,,2026-10-05
Workday,salesforce,"Sr. GRC Analyst, Common Control Framework",Washington - Bellevue,https://salesforce.wd12.myworkdayjobs.com/External_Career_Site/job/Washington---Bellevue/Sr-GRC-Analyst--Common-Control-Framework_JR362095,"CISM, CISA, CRISC",2026-10-05
Workday,salesforce,Member of Technical Staff — Machine Learning & Agent Security Engineering,Washington - Bellevue,https://salesforce.wd12.myworkdayjobs.com/External_Career_Site/job/Washington---Bellevue/Member-of-Technical-Staff---Machine-Learning---Agent-Security-Engineering_JR358244,,2026-10-05
Workday,salesforce,Senior Security GRC Analyst,Washington - Bellevue,https://salesforce.wd12.myworkdayjobs.com/External_Career_Site/job/Washington---Bellevue/Security-GRC-Analyst_JR347428-1,"CISSP, CISM, CISA, CRISC",2026-10-05
Workday,caci,UAS Red Team Pilot,"Aberdeen Proving Ground, MD, US",https://caci.wd1.myworkdayjobs.com/External/job/Aberdeen-Proving-Ground-MD-US/UAS-Red-Team-Pilot_332294,,2026-10-05
Workday,caci,Cyber Threat Analyst,"Chantilly, VA, US",https://caci.wd1.myworkdayjobs.com/External/job/Chantilly-VA-US/Cyber-Threat-Analyst_299714-2,,2026-10-05
Workday,salesforce,Security GRC Senior Lead,"Korea, Republic of - Seoul",https://salesforce.wd12.myworkdayjobs.com/External_Career_Site/job/Korea-Republic-of---Seoul/Security-GRC-Senior-Lead_JR357826,"CISSP, CISM, CISA",2026-10-05
Workday,mastercard,Cyber Risk Quantification Product Manager,"Besiktas, Istanbul Turkey",https://mastercard.wd1.myworkdayjobs.com/CorporateCareers/job/Besiktas-Istanbul-Turkey/Cyber-Risk-Quantification-Product-Manager_R-287126,,2026-10-05
Workday,cvshealth,Distinguished Engineer - Application Security,AZ - Work from home,https://cvshealth.wd1.myworkdayjobs.com/CVS_Health_Careers/job/AZ---Work-from-home/Distinguished-Engineer---Application-Security_R1016072,"CISSP, OSCP, GIAC (other), OSWE",2026-10-05
Workday,mastercard,Information Security Operations Analyst (IAM),"Bogota, Colombia",https://mastercard.wd1.myworkdayjobs.com/CorporateCareers/job/Bogota-Colombia/Senior-Information-Security-Operations-Analyst_R-276438-1,,2026-10-05
Workday,bah,Red Team Penetration Tester,"Dahlgren, VA",https://bah.wd1.myworkdayjobs.com/BAH_Jobs/job/Dahlgren-VA/Red-Team-Penetration-Tester_R0248986,OSCP,2026-10-05
Workday,cvshealth,Senior DevSecOps Engineer,IRL - Galway,https://cvshealth.wd1.myworkdayjobs.com/CVS_Health_Careers/job/IRL---Galway/Senior-DevSecOps-Engineer_R1012405,,2026-10-05
Workday,cvshealth,"Staff Security Engineer, Strategy & Operations",NY - New York,https://cvshealth.wd1.myworkdayjobs.com/CVS_Health_Careers/job/NY---New-York/Staff-Security-Engineer--Strategy---Operations_R1032401,"CISSP, CompTIA Security+, CISM, Azure Security Engineer (AZ-500), PMP",2026-10-05
Workday,bah,Enterprise Cybersecurity Penetration Tester,"McLean, VA",https://bah.wd1.myworkdayjobs.com/BAH_Jobs/job/McLean-VA/Enterprise-Cybersecurity-Penetration-Tester_R0250583,"OSCP, GIAC GPEN, GIAC (other), OSEP",2026-10-05
Workday,bah,Penetration Tester,"Herndon, VA",https://bah.wd1.myworkdayjobs.com/BAH_Jobs/job/Herndon-VA/Penetration-Tester_R0247922,"OSCP, GIAC GPEN, GIAC (other)",2026-10-05
Workday,mastercard,"Vice President, Field CISO Commercial, Asia Pacific",Singapore,https://mastercard.wd1.myworkdayjobs.com/CorporateCareers/job/Singapore/Vice-President--Field-CISO-Commercial--Asia-Pacific_R-291168,"CISSP, CISM, CRISC",2026-10-05
Workday,mastercard,"Vice President, Field CISO Commercial, Europe","London, England (Angel Lane)",https://mastercard.wd1.myworkdayjobs.com/CorporateCareers/job/London-England-Angel-Lane/Vice-President--Field-CISO-Commercial--Europe_R-291171,"CISSP, CISM, CRISC",2026-10-05
Workday,mastercard,"Vice President, Field CISO Financial Services, Europe","Zurich, Switzerland",https://mastercard.wd1.myworkdayjobs.com/CorporateCareers/job/Zurich-Switzerland/Vice-President--Field-CISO-Financial-Services--Europe_R-289378,"CISSP, CISM, CRISC",2026-10-05
Workday,mastercard,Cyber & Fraud Solutions Product Specialist,"Sao Paulo, Brazil",https://mastercard.wd1.myworkdayjobs.com/CorporateCareers/job/Sao-Paulo-Brazil/Specialist--Products-and-Solutions_R-281062,,2026-10-05
Workday,mastercard,Information Security Engineer II,"Vadodara, India",https://mastercard.wd1.myworkdayjobs.com/CorporateCareers/job/Vadodara-India/Information-Security-Engineer-II_R-275571,,2026-10-05
Workday,mastercard,"Senior Analyst, Cybersecurity Product Specialists","Bogota, Colombia",https://mastercard.wd1.myworkdayjobs.com/CorporateCareers/job/Bogota-Colombia/Senior-Analyst--Cybersecurity-Product-Specialists_R-286734,,2026-10-05
Workday,mastercard,"Vice President, Field CISO Commercial, North America","Purchase, New York",https://mastercard.wd1.myworkdayjobs.com/CorporateCareers/job/Purchase-New-York/Vice-President--Field-CISO-Commercial--North-America_R-291163,"CISSP, CISM, CRISC",2026-10-05
Workday,bah,Enterprise Cybersecurity Penetration Tester,"McLean, VA",https://bah.wd1.myworkdayjobs.com/BAH_Jobs/job/McLean-VA/Enterprise-Cybersecurity-Penetration-Tester_R0250579,"OSCP, GIAC GPEN, GIAC (other), OSEP",2026-10-05
Workday,mastercard,"Vice President, AI Vulnerability Operations","O'Fallon, Missouri",https://mastercard.wd1.myworkdayjobs.com/CorporateCareers/job/OFallon-Missouri/Vice-President--AI-Vulnerability-Operations_R-282640-1,,2026-10-05
Workday,mastercard,"Product Manager, Risk & Resilience (Cybersecurity)","Ramat-Gan, Israel",https://mastercard.wd1.myworkdayjobs.com/CorporateCareers/job/Ramat-Gan-Israel/Product-Manager--Risk---Resilience--Cybersecurity-_R-290143,,2026-10-05
Workday,mastercard,Lead Response Technology and Automation Security Engineer,"Pune, India",https://mastercard.wd1.myworkdayjobs.com/CorporateCareers/job/Pune-India/Lead-Response-Technology-and-Automation-Security-Engineer_R-278386,"GIAC GCIH, GIAC GREM, GIAC (other)",2026-10-05
Workday,cvshealth,Staff DevSecOps Engineer  (Health 100),Work At Home-Massachusetts,https://cvshealth.wd1.myworkdayjobs.com/CVS_Health_Careers/job/Work-At-Home-Massachusetts/Staff-DevSecOps-Engineer---Health-100-_R1015442,,2026-10-05
Workday,mastercard,Senior Threat Intelligence Analyst,"Waterloo, Belgium",https://mastercard.wd1.myworkdayjobs.com/CorporateCareers/job/Waterloo-Belgium/Senior-Threat-Intelligence-Analyst_R-280307,,2026-10-05
Workday,bah,"Cybersecurity Test Engineer, Junior","Rome, NY",https://bah.wd1.myworkdayjobs.com/BAH_Jobs/job/Rome-NY/Cybersecurity-Test-Engineer--Junior_R0241650,"CISSP, CompTIA Security+, OSCP, GIAC GPEN, CompTIA CASP+ / SecurityX",2026-10-05
Workday,bah,"Cyber Test Engineer, Mid","Rome, NY",https://bah.wd1.myworkdayjobs.com/BAH_Jobs/job/Rome-NY/Cyber-Test-Engineer--Mid_R0250288,"CISSP, CompTIA Security+, OSCP, GIAC GPEN, CompTIA CASP+ / SecurityX",2026-10-05
Workday,bah,"Red Team Operator, Senior","Chantilly, VA",https://bah.wd1.myworkdayjobs.com/BAH_Jobs/job/Chantilly-VA/Red-Team-Operator--Senior_R0247456,"OSCP, GIAC GPEN, GIAC (other)",2026-10-05
Workday,bah,Limited Cyberspace Operator,"Fort Meade, MD",https://bah.wd1.myworkdayjobs.com/BAH_Jobs/job/Fort-Meade-MD/Limited-Cyberspace-Operator_R0249310,,2026-10-05
Workday,bah,Red Team Penetration Tester,"Virginia Beach, VA",https://bah.wd1.myworkdayjobs.com/BAH_Jobs/job/Virginia-Beach-VA/Red-Team-Penetration-Tester_R0248956-1,OSCP,2026-10-05
Workday,bah,Cyber Test Engineer,"San Antonio, TX",https://bah.wd1.myworkdayjobs.com/BAH_Jobs/job/San-Antonio-TX/Cyber-Test-Engineer_R0247311-1,"CISSP, CompTIA Security+, OSCP, GIAC GPEN, CompTIA CASP+ / SecurityX",2026-10-05
Workday,salesforce,"Penetration Testing Engineer, MTS",California - Remote,https://salesforce.wd12.myworkdayjobs.com/External_Career_Site/job/California---Remote/Penetration-Testing-Engineer--MTS_JR350054,,2026-10-05
Workday,salesforce,Product Security Engineer,Washington - Bellevue,https://salesforce.wd12.myworkdayjobs.com/External_Career_Site/job/Washington---Bellevue/Product-Security_JR358978,,2026-10-05
Workday,bah,"Cyber Security Code Analyst, Mid","Belcamp, MD",https://bah.wd1.myworkdayjobs.com/BAH_Jobs/job/Belcamp-MD/Cyber-Security-Code-Analyst--Mid_R0247695,,2026-10-05
Workday,salesforce,"Product Security Engineer, Senior",Washington - Bellevue,https://salesforce.wd12.myworkdayjobs.com/External_Career_Site/job/Washington---Bellevue/Product-Security-Engineer--Senior_JR358976,,2026-10-05
Workday,salesforce,Senior Offensive Security Engineer (Red Team),California - Remote,https://salesforce.wd12.myworkdayjobs.com/External_Career_Site/job/California---Remote/Senior-Offensive-Security-Engineer--Red-Team-_JR332452-1,"GIAC (other), OSWE",2026-10-05
Workday,bah,Cybersecurity Engineer and Risk Analyst,"San Diego, CA",https://bah.wd1.myworkdayjobs.com/BAH_Jobs/job/San-Diego-CA/Cybersecurity-Engineer-and-Risk-Analyst_R0246498,,2026-10-05
Workday,bah,"Malware Reverse Engineer, Senior","Fort Meade, MD",https://bah.wd1.myworkdayjobs.com/BAH_Jobs/job/Fort-Meade-MD/Malware-Reverse-Engineer--Senior_R0233341,GIAC GREM,2026-10-05
Workday,bah,Cyber Range Engineer,"Schriever AFB, CO",https://bah.wd1.myworkdayjobs.com/BAH_Jobs/job/Schriever-AFB-CO/Cyber-Range-Engineer_R0250531,"CISSP, CompTIA Security+, CCNA",2026-10-05
Workday,bah,Cyber Training Developer,"Augusta, GA",https://bah.wd1.myworkdayjobs.com/BAH_Jobs/job/Augusta-GA/Cyber-Training-Developer_R0246545,,2026-10-05
Workday,bah,Cyber Warfare Engineer,"McLean, VA",https://bah.wd1.myworkdayjobs.com/BAH_Jobs/job/McLean-VA/Cyber-Warfare-Engineer_R0250444,"CISSP, CISA, CompTIA CASP+ / SecurityX",2026-10-05
Workday,bah,Post Quantum Cryptography Engineer,"Washington, DC",https://bah.wd1.myworkdayjobs.com/BAH_Jobs/job/Washington-DC/Post-Quantum-Cryptography-Engineer_R0244071,,2026-10-05
Workday,bah,Cyber Threat Intelligence Analyst,"Huntsville, AL",https://bah.wd1.myworkdayjobs.com/BAH_Jobs/job/Huntsville-AL/Cyber-Threat-Intelligence-Analyst_R0250884,"CompTIA Security+, CEH, GIAC (other)",2026-10-05
Workday,pwc,IN-Specialist-SOC-Cyber as a Service-Advisory-Gurgaon,Gurugram Novus Tower,https://pwc.wd3.myworkdayjobs.com/Global_Experienced_Careers/job/Gurugram-Novus-Tower/IN-Associate-SOC-Cyber-as-a-Service-Advisory-Gurgaon_745674WD-1,"CompTIA Security+, CEH, CompTIA CySA+, GIAC GCIH, GIAC (other)",2026-10-05
Workday,pwc,Junior Cybersecurity Specialist,Gdańsk,https://pwc.wd3.myworkdayjobs.com/Global_Experienced_Careers/job/Gdask/Junior-Cybersecurity-Specialist_741157WD,,2026-10-05
Workday,pwc,Security Engineers - Senior Analyst / Manager,Wellington - NZL,https://pwc.wd3.myworkdayjobs.com/Global_Experienced_Careers/job/Wellington---NZL/Security-Engineers---Senior-Analyst---Manager_750920WD,CISSP,2026-10-05
Workday,bah,"Cyber Threat Hunter, Mid","Bethesda, MD",https://bah.wd1.myworkdayjobs.com/BAH_Jobs/job/Bethesda-MD/Cyber-Threat-Hunter--Mid_R0248304,,2026-10-05
Workday,mastercard,Information Security Operations Analyst,"Bogota, Colombia",https://mastercard.wd1.myworkdayjobs.com/CorporateCareers/job/Bogota-Colombia/Information-Security-Operations-Analyst_R-263968,,2026-10-05
Workday,pwc,Cyber Security Manager,Bangkok,https://pwc.wd3.myworkdayjobs.com/Global_Experienced_Careers/job/Bangkok/Cyber-Security-Manager_566182WD,"CISSP, CISM",2026-10-05
Workday,pwc,SOC Analyst,Prague,https://pwc.wd3.myworkdayjobs.com/Global_Experienced_Careers/job/Prague/SOC-Analyst_721704WD-2,,2026-10-05
Workday,pwc,Technical Information Security Analyst,Amsterdam,https://pwc.wd3.myworkdayjobs.com/Global_Experienced_Careers/job/Amsterdam/Technical-Information-Security-Analyst_764013WD-2,,2026-10-05
Workday,bah,Cybersecurity Systems Engineer,"San Diego, CA",https://bah.wd1.myworkdayjobs.com/BAH_Jobs/job/San-Diego-CA/Cybersecurity-Systems-Engineer_R0246523,CCNA,2026-10-05
Workday,pwc,Cyber Security Incident Response Expert,Prague,https://pwc.wd3.myworkdayjobs.com/Global_Experienced_Careers/job/Prague/Cyber-Security-Incident-Response-Expert_630830WD-1,,2026-10-05
Workday,bah,Cyber Warfare Engineer,"Rome, NY",https://bah.wd1.myworkdayjobs.com/BAH_Jobs/job/Rome-NY/Cyber-Warfare-Engineer_R0245670,"CompTIA Security+, OSCP, CompTIA PenTest+",2026-10-05
Workday,pwc,"Senior Security Engineer – M365 E5 Security, Compliance & Data Protection",Athens,https://pwc.wd3.myworkdayjobs.com/Global_Experienced_Careers/job/Athens/Senior-Security-Engineer---M365-E5-Security--Compliance---Data-Protection_735720WD,"Microsoft SC-200 (Security Operations Analyst), Microsoft SC-300 (Identity & Access Administrator), Microsoft SC-100 (Cybersecurity Architect)",2026-10-05
Workday,pwc,Senior Associate SIEM Implementation,Toronto,https://pwc.wd3.myworkdayjobs.com/Global_Experienced_Careers/job/Toronto/Senior-Associate-SIEM-Implementation_750840WD,"CISSP, CISM, GIAC (other), Azure Security Engineer (AZ-500), Microsoft SC-200 (Security Operations Analyst), Google Professional Cloud Security Engineer",2026-10-05
Workday,bah,Security Engineer,"Annapolis Junction, MD",https://bah.wd1.myworkdayjobs.com/BAH_Jobs/job/Annapolis-Junction-MD/Security-Engineer_R0245101,,2026-10-05
Workday,pwc,Senior Cybersecurity Specialist – SAP SecurityBridge | Managed Services Operations,Warszawa - Polna 11,https://pwc.wd3.myworkdayjobs.com/Global_Experienced_Careers/job/Warszawa---Polna-11/Senior-Cybersecurity-Specialist_693938WD-2,,2026-10-05
Workday,bah,Post Quantum Cryptography Engineer,"Ashburn, VA",https://bah.wd1.myworkdayjobs.com/BAH_Jobs/job/Ashburn-VA/Post-Quantum-Cryptography-Engineer_R0245538-1,,2026-10-05
Workday,pwc,Specialist - L1 SOC Analyst,Kuala Lumpur,https://pwc.wd3.myworkdayjobs.com/Global_Experienced_Careers/job/Kuala-Lumpur/Specialists---L1-SOC-Analyst_730234WD,,2026-10-05
Workday,pwc,Data Security Engineer,Athens,https://pwc.wd3.myworkdayjobs.com/Global_Experienced_Careers/job/Athens/Data-Security-Engineer_734996WD,"Microsoft SC-200 (Security Operations Analyst), Microsoft SC-300 (Identity & Access Administrator), Microsoft SC-100 (Cybersecurity Architect)",2026-10-05
Workday,bah,Cloud Cybersecurity Engineer,"Rome, NY",https://bah.wd1.myworkdayjobs.com/BAH_Jobs/job/Rome-NY/Cloud-Cybersecurity-Engineer_R0243956-1,,2026-10-05
Workday,pwc,"ETIC, Cloud Security Associate",Cairo - ETIC,https://pwc.wd3.myworkdayjobs.com/Global_Experienced_Careers/job/Cairo---ETIC/ETIC--Cloud-Security-Associate_674028WD,"Azure Security Engineer (AZ-500), Microsoft SC-200 (Security Operations Analyst), Microsoft SC-300 (Identity & Access Administrator), Microsoft SC-100 (Cybersecurity Architect)",2026-10-05
Workday,paypal,Senior Cybersecurity Engineer,"Central Singapore, Singapore",https://wd1.myworkdaysite.com/recruiting/paypal/jobs/job/Central-Singapore-Singapore/Senior-Cybersecurity-Engineer_R0137321,"OSCP, GIAC GPEN",2026-10-05
Workday,paypal,Senior Cybersecurity Threat Analyst,"Central Singapore, Singapore",https://wd1.myworkdaysite.com/recruiting/paypal/jobs/job/Central-Singapore-Singapore/Senior-Cybersecurity-Threat-Analyst_R0135904-1,,2026-10-05
Workday,paypal,"Sr Analyst, Cybersecurity Threat","Chennai, Tamil Nadu, India",https://wd1.myworkdaysite.com/recruiting/paypal/jobs/job/Chennai-Tamil-Nadu-India/Sr-Analyst--Cybersecurity-Threat_R0137503,"CEH, OSCP, GIAC GPEN, GIAC (other), OSWE",2026-10-05
Workday,bah,Application Security Engineer,"Annapolis Junction, MD",https://bah.wd1.myworkdayjobs.com/BAH_Jobs/job/Annapolis-Junction-MD/Application-Security-Engineer_R0249859,,2026-10-05
Workday,pwc,IN_Senior Associate_SOC_FS - Cyber as a Service_Advisory_Mumbai,Airoli,https://pwc.wd3.myworkdayjobs.com/Global_Experienced_Careers/job/Airoli/IN-Associate-SOC-Managed-Services-Advisory-Pan-India_745640WD,"CompTIA Security+, CEH, CompTIA CySA+, GIAC GCIH, GIAC (other)",2026-10-05
Workday,pwc,Cyber Security Associate - Penetration Tester,Bangkok,https://pwc.wd3.myworkdayjobs.com/Global_Experienced_Careers/job/Bangkok/Cyber-Security-Associate---Penetration-Tester_659699WD,,2026-10-05
Workday,paypal,"Sr. Staff, Cybersecurity Risk","Chicago, Illinois, United States of America",https://wd1.myworkdaysite.com/recruiting/paypal/jobs/job/Chicago-Illinois-United-States-of-America/Sr-Staff--Cybersecurity-Risk_R0137389-1,,2026-10-05
Workday,paypal,Staff Cybersecurity Threat Analyst,"Central Singapore, Singapore",https://wd1.myworkdaysite.com/recruiting/paypal/jobs/job/Central-Singapore-Singapore/Staff-Cybersecurity-Threat-Analyst_R0137949,,2026-10-05
Workday,paypal,"Sr. Manager, Cybersecurity Threat Analysis","Austin, Texas, United States of America",https://wd1.myworkdaysite.com/recruiting/paypal/jobs/job/Austin-Texas-United-States-of-America/Sr-Manager--Cybersecurity-Threat-Analysis_R0137353-1,,2026-10-05
Workday,pwc,"ETIC, Cyber Security, Cloud Security Engineer Senior Associate",Cairo,https://pwc.wd3.myworkdayjobs.com/Global_Experienced_Careers/job/Cairo/ETIC--Cyber-Security--Cloud-Security-Engineer-Senior-Associate_677574WD,"Azure Security Engineer (AZ-500), Microsoft SC-200 (Security Operations Analyst), Microsoft SC-300 (Identity & Access Administrator), Microsoft SC-100 (Cybersecurity Architect)",2026-10-05
Workday,pwc,"ETIC, Cyber Security, Cloud Security Engineer Senior Associate",Cairo,https://pwc.wd3.myworkdayjobs.com/Global_Experienced_Careers/job/Cairo/ETIC--Cyber-Security--Cloud-Security-Engineer-Senior-Associate_669453WD,"Azure Security Engineer (AZ-500), Microsoft SC-200 (Security Operations Analyst), Microsoft SC-300 (Identity & Access Administrator), Microsoft SC-100 (Cybersecurity Architect)",2026-10-05
Workday,pwc,"ETIC, Cyber Security, Cloud Security Engineer Senior Associate",Cairo,https://pwc.wd3.myworkdayjobs.com/Global_Experienced_Careers/job/Cairo/ETIC--Cyber-Security--Cloud-Security-Engineer-Senior-Associate_670876WD,"Azure Security Engineer (AZ-500), Microsoft SC-200 (Security Operations Analyst), Microsoft SC-300 (Identity & Access Administrator), Microsoft SC-100 (Cybersecurity Architect)",2026-10-05
Workday,pwc,Security Operations Center and Incident Response Manager,Makati,https://pwc.wd3.myworkdayjobs.com/Global_Experienced_Careers/job/Makati/Security-Operations-Center-and-Incident-Response-Manager_234632WD-1,"CISSP, CISM, CEH, GIAC GCIH",2026-10-05
Workday,paypal,Sr. Cybersecurity Engineer,"Austin, Texas, United States of America",https://wd1.myworkdaysite.com/recruiting/paypal/jobs/job/Austin-Texas-United-States-of-America/Sr-Cybersecurity-Engineer_R0137865,,2026-10-05
Workday,paypal,"Staff Security Engineer, API Security","Bangalore, Karnataka, India",https://wd1.myworkdaysite.com/recruiting/paypal/jobs/job/Bangalore-Karnataka-India/Staff-Security-Engineer--API-Security_R0137315,,2026-10-05
Workday,paypal,Cyber Resilience & ICT Risk Engineering Senior Manager,"Luxembourg City, Luxembourg, Luxembourg",https://wd1.myworkdaysite.com/recruiting/paypal/jobs/job/Luxembourg-City-Luxembourg-Luxembourg/Cyber-Reliability---Resilience-Manager_R0134854-1,"CISSP, CISM, CISA, GIAC (other), CRISC",2026-10-05
Workday,adobe,Sr Security Engineer,Lehi,https://adobe.wd5.myworkdayjobs.com/external_experienced/job/Lehi/Security-Engineer_R167438,,2026-10-05
Workday,paypal,Sr. Cyber Security Engineer,"Austin, Texas, United States of America",https://wd1.myworkdaysite.com/recruiting/paypal/jobs/job/Austin-Texas-United-States-of-America/Sr-Cyber-Security-Engineer_R0137891,,2026-10-05
Workday,paypal,"Staff Security Engineer, AI Security","Bangalore, Karnataka, India",https://wd1.myworkdaysite.com/recruiting/paypal/jobs/job/Bangalore-Karnataka-India/Staff-Security-Engineer--AI-Security_R0137314-1,,2026-10-05
Workday,adobe,"Sr. Manager, Cyber Threat Research & Intelligence",San Jose,https://adobe.wd5.myworkdayjobs.com/external_experienced/job/San-Jose/Sr-Manager--Cyber-Threat-Research---Intelligence_R171638,,2026-10-05
Workday,adobe,Senior Security IAM Engineer,Seattle,https://adobe.wd5.myworkdayjobs.com/external_experienced/job/Seattle/Senior-Security-IAM-Engineer_R171376,,2026-10-05
Workday,adobe,Information Security Analyst,Bangalore,https://adobe.wd5.myworkdayjobs.com/external_experienced/job/Bangalore/Information-Security-Analyst_R171091,"CISSP, CISM, CISA, CEH",2026-10-05
Workday,adobe,Threat Intelligence / Reverse Engineering Investigator,San Jose,https://adobe.wd5.myworkdayjobs.com/external_experienced/job/San-Jose/Threat-Intelligence---Reverse-Engineering-Investigator_R171849,,2026-10-05
Workday,adobe,Senior Product Security Engineer,San Jose,https://adobe.wd5.myworkdayjobs.com/external_experienced/job/San-Jose/Senior-Product-Security-Engineer_R171794,,2026-10-05
Workday,adobe,Senior Cyber Incident Responder,Bucharest,https://adobe.wd5.myworkdayjobs.com/external_experienced/job/Bucharest/Staff-Incident-Response-Commander_R168701,,2026-10-05
Workday,adobe,Staff Product Security Engineer,New York,https://adobe.wd5.myworkdayjobs.com/external_experienced/job/New-York/Staff-Product-Security-Engineer_R171624,,2026-10-05
Workday,paypal,Staff Product Security AI Engineer,"Austin, Texas, United States of America",https://wd1.myworkdaysite.com/recruiting/paypal/jobs/job/Austin-Texas-United-States-of-America/Staff-Product-Security-AI-Engineer_R0137563,,2026-10-05
Workday,adobe,Senior Product Security Engineer,San Jose,https://adobe.wd5.myworkdayjobs.com/external_experienced/job/San-Jose/Senior-Product-Security-Engineer_R171629,,2026-10-05
Workday,adobe,"Sr Manager, Integrated Security Operations",Noida,https://adobe.wd5.myworkdayjobs.com/external_experienced/job/Noida/Sr-Manager--Integrated-Security-Operations_R171954,,2026-10-05
Workday,caci,DevSecOps Engineer,"King of Prussia, PA, US",https://caci.wd1.myworkdayjobs.com/External/job/King-of-Prussia-PA-US/DevSecOps-Engineer_332495-1,"CISSP, CompTIA Security+, CompTIA CASP+ / SecurityX",2026-10-05
Workday,caci,Senior Network Security Engineer,"Columbia, MD, US",https://caci.wd1.myworkdayjobs.com/External/job/Columbia-MD-US/Senior-Network-Security-Engineer_326688,CCNA,2026-10-05
Workday,adobe,Sr Cloud Security Engineer,Lehi,https://adobe.wd5.myworkdayjobs.com/external_experienced/job/Lehi/Sr-Cloud-Security-Engineer_R171604,,2026-10-05
Workday,caci,DevSecOps Engineer (AI/ML),"Denver, CO, US",https://caci.wd1.myworkdayjobs.com/External/job/Denver-CO-US/DevSecOps-Engineer--AI-ML-_331748,,2026-10-05
Workday,caci,Staff Infrastructure/DevSecOps Engineer,"Aurora, CO, US",https://caci.wd1.myworkdayjobs.com/External/job/Aurora-CO-US/Staff-Infrastructure-DevSecOps-Engineer_332486,"CISSP, CompTIA Security+, CompTIA CASP+ / SecurityX",2026-10-05
Workday,caci,DevSecOps Engineer,"Ypsilanti, MI, US",https://caci.wd1.myworkdayjobs.com/External/job/Ypsilanti-MI-US/DevSecOps-Engineer_331800,"CISSP, CompTIA Security+, CompTIA CASP+ / SecurityX",2026-10-05
Workday,caci,Software Engineer - Kubernetes/DevSecOps,"Hanover, MD, US",https://caci.wd1.myworkdayjobs.com/External/job/Hanover-MD-US/Software-Engineer---Kubernetes-DevSecOps_332366,,2026-10-05
Workday,caci,Cyber Mobile Technical Operator,"Chantilly, VA, US",https://caci.wd1.myworkdayjobs.com/External/job/Chantilly-VA-US/Cyber-Mobile-Technical-Operator_332039,,2026-10-05
Workday,caci,DevSecOps Engineer,"King of Prussia, PA, US",https://caci.wd1.myworkdayjobs.com/External/job/King-of-Prussia-PA-US/DevSecOps-Engineer_330241,"CISSP, CompTIA Security+, CompTIA CASP+ / SecurityX",2026-10-05
Workday,cvshealth,Staff Cloud Security Engineer-  Vulnerability Management,,https://cvshealth.wd1.myworkdayjobs.com/CVS_Health_Careers/job/Staff-Cloud-Security-Engineer--Vulnerability-Management_R0796989,"CISSP, CCSP",2026-10-05
Workday,caci,IAM Architect,999 REMOTE,https://caci.wd1.myworkdayjobs.com/External/job/999-REMOTE/IAM-Architect_331212,"CompTIA Security+, CompTIA Network+, CompTIA A+",2026-10-05
Workday,caci,Senior DevSecOps Engineer,Remote (Any State),https://caci.wd1.myworkdayjobs.com/External/job/Remote-Any-State/Senior-DevSecOps-Engineer_333094,"CISSP, CompTIA Security+, CCSP",2026-10-05
Workday,caci,IAM Engineer,999 REMOTE,https://caci.wd1.myworkdayjobs.com/External/job/999-REMOTE/IAM-Engineer_331211,"CompTIA Security+, CompTIA Network+, CompTIA A+",2026-10-05
Workday,caci,DevSecOps Engineer,"Sarasota, FL, US",https://caci.wd1.myworkdayjobs.com/External/job/Sarasota-FL-US/DevSecOps-Engineer_331392,CompTIA Security+,2026-10-05
Workday,caci,DevSecOps Engineer,"Aurora, CO, US",https://caci.wd1.myworkdayjobs.com/External/job/Aurora-CO-US/DevSecOps-Engineer_331398,"CISSP, CompTIA Security+, CompTIA CASP+ / SecurityX",2026-10-05
Workday,caci,Senior DevSecOps Engineer,"Chantilly, VA, US",https://caci.wd1.myworkdayjobs.com/External/job/Chantilly-VA-US/Senior-DevSecOps-Engineer_332286,CompTIA Security+,2026-10-05
Workday,caci,DevSecOps Lead Engineer,Remote (Any State),https://caci.wd1.myworkdayjobs.com/External/job/Remote-Any-State/DevSecOps-Lead-Engineer_332986-1,,2026-10-05
Workday,salesforce,Security Engineer (Senior/Lead) - MeshMesh,California - San Francisco,https://salesforce.wd12.myworkdayjobs.com/External_Career_Site/job/California---San-Francisco/Security-Engineer--Senior-Lead----MeshMesh_JR361086,"CISSP, OSCP",2026-10-05
Workday,caci,Cloud Cyber Engineer (Linux),"Sterling, VA, US",https://caci.wd1.myworkdayjobs.com/External/job/Sterling-VA-US/Cloud-Cyber-Engineer_329524,,2026-10-05
Workday,caci,DevSecOps Systems Administrator,"Reston, VA, US",https://caci.wd1.myworkdayjobs.com/External/job/Reston-VA-US/DevSecOps-Systems-Administrator_332439,,2026-10-05
Workday,salesforce,Software Security Engineer (Distributed Systems),California - San Francisco,https://salesforce.wd12.myworkdayjobs.com/External_Career_Site/job/California---San-Francisco/Senior-Software-Security-Engineering_JR328549,,2026-10-05
Workday,caci,Cyber Advisor - SOUTHCOM Joint CCMD Cyber Assistance Team,"Doral, FL, US",https://caci.wd1.myworkdayjobs.com/External/job/Doral-FL-US/Cyber-Advisor---SOUTHCOM-Joint-CCMD-Cyber-Assistance-Team_332259,PMP,2026-10-05
Workday,caci,Cyber Psychological Operations Planner,"Tampa, FL, US",https://caci.wd1.myworkdayjobs.com/External/job/Tampa-FL-US/Cyber-Psychological-Operations-Planner_329104,,2026-10-05
Workday,salesforce,Product Vulnerability Engineer,Virginia - Mclean,https://salesforce.wd12.myworkdayjobs.com/External_Career_Site/job/Virginia---Mclean/Product-Vulnerability-Engineer_JR355838,"OSCP, GIAC GCIH, GIAC GPEN, GIAC (other)",2026-10-05
Workday,salesforce,Federal Compliance & Security Architect,Virginia - Washington DC Metro - Remote,https://salesforce.wd12.myworkdayjobs.com/External_Career_Site/job/Virginia---Washington-DC-Metro---Remote/Federal-Compliance---Security-Architect_JR359260,"CISSP, CISM, CCSP",2026-10-05
Workday,salesforce,Product Security Senior,Washington - Bellevue,https://salesforce.wd12.myworkdayjobs.com/External_Career_Site/job/Washington---Bellevue/Product-Security-Senior_JR358508,,2026-10-05
Workday,salesforce,"JR354749 Lead Software Engineer, PKI & Cryptographic Trust Services",California - San Francisco,https://salesforce.wd12.myworkdayjobs.com/External_Career_Site/job/California---San-Francisco/JR354749-Lead-Software-Engineer--PKI---Cryptographic-Trust-Services_JR358662,,2026-10-05
Workday,salesforce,Lead / Senior Offensive Security Engineer (Offsec AI Team),Israel - Tel Aviv,https://salesforce.wd12.myworkdayjobs.com/External_Career_Site/job/Israel---Tel-Aviv/Lead-AI-Automation-Developer_JR353563,,2026-10-05
Workday,salesforce,Product Security Senior,Washington - Bellevue,https://salesforce.wd12.myworkdayjobs.com/External_Career_Site/job/Washington---Bellevue/Product-Security-Senior_JR355872-1,,2026-10-05
Workday,salesforce,"Senior, Software Engineer,  Cryptographic Asset Monitoring",Washington - Bellevue,https://salesforce.wd12.myworkdayjobs.com/External_Career_Site/job/Washington---Bellevue/Software-Engineering-SMTS_JR354753-1,,2026-10-05
Workday,salesforce,BISO - Product Security (Multiple Levels),Washington - Bellevue,https://salesforce.wd12.myworkdayjobs.com/External_Career_Site/job/Washington---Bellevue/BISO---Product-Security--Multiple-Levels-_JR357070,"CISSP, CISM",2026-10-05
Workday,salesforce,Product Security Lead,Washington - Bellevue,https://salesforce.wd12.myworkdayjobs.com/External_Career_Site/job/Washington---Bellevue/Product-Security-Lead_JR358501,,2026-10-05
Workday,workday,Principal Cybersecurity Engineer,USA.VA.Reston,https://workday.wd5.myworkdayjobs.com/Workday/job/USAVAReston/Principal-Cybersecurity-Engineer_JR-0106961,,2026-10-05
Workday,adobe,Product Security Engineer 5,Bangalore,https://adobe.wd5.myworkdayjobs.com/external_experienced/job/Bangalore/Software-Development-Engineer_R171850,,2026-10-05
Workday,humana,"Senior Engineer, Offensive Security",Remote Nationwide,https://humana.wd5.myworkdayjobs.com/Humana_External_Career_Site/job/Remote-Nationwide/Senior-Engineer--Offensive-Security_R-423955,"OSCP, GIAC (other), OSEP",2026-10-05
Workday,tmobile,"Sr Engineer, Cybersecurity – SOC Process and AI Enablement","Overland Park, Kansas",https://tmobile.wd1.myworkdayjobs.com/External/job/Overland-Park-Kansas/Sr-Engineer--Cybersecurity---SOC-Process-and-AI-Enablement_REQ363187-1,"CISSP, CISM, CRISC",2026-10-05
Workday,humana,"Security Architect, Product Security","Louisville, KY",https://humana.wd5.myworkdayjobs.com/Humana_External_Career_Site/job/Louisville-KY/Security-Architect--Product-Security_R-423814-1,"CISSP, CompTIA Security+, GIAC GSEC, GIAC (other)",2026-10-05
Workday,workday,Senior Cybersecurity Engineer (US Federal),USA.VA.Reston,https://workday.wd5.myworkdayjobs.com/Workday/job/USAVAReston/Senior-Cybersecurity-Engineer--US-Federal-_JR-0105514,"CompTIA CySA+, CompTIA CASP+ / SecurityX",2026-10-05
Workday,workday,Senior Cybersecurity Engineer (US Federal),USA.VA.Reston,https://workday.wd5.myworkdayjobs.com/Workday/job/USAVAReston/Senior-Cybersecurity-Engineer--US-Federal-_JR-0105513,"CompTIA CySA+, CompTIA CASP+ / SecurityX",2026-10-05
Workday,workday,Cybersecurity Engineer,USA.VA.Reston,https://workday.wd5.myworkdayjobs.com/Workday/job/USAVAReston/Cybersecurity-Engineer_JR-0109828,,2026-10-05
Workday,workday,Senior Cybersecurity Engineer - Network Security,"USA, GA, Atlanta",https://workday.wd5.myworkdayjobs.com/Workday/job/USA-GA-Atlanta/Senior-Cybersecurity-Engineer---Network-Security_JR-0109368,,2026-10-05
Workday,bah,Product Security Senior Manager,"Washington, DC",https://bah.wd1.myworkdayjobs.com/BAH_Jobs/job/Washington-DC/Product-Security-Senior-Manager_R0249865,,2026-10-05
Workday,workday,Cybersecurity Engineer - US Federal,USA.VA.Reston,https://workday.wd5.myworkdayjobs.com/Workday/job/USAVAReston/Cybersecurity-Engineer---US-Federal_JR-0109167,,2026-10-05
Workday,workday,Senior Cybersecurity Engineer - Network Security (US Federal),USA.VA.Reston,https://workday.wd5.myworkdayjobs.com/Workday/job/USAVAReston/Senior-Cybersecurity-Engineer---Network-Security--US-Federal-_JR-0107993,"CompTIA CySA+, CompTIA CASP+ / SecurityX",2026-10-05
Workday,salesforce,Platform Security Architect,Indiana - Indianapolis,https://salesforce.wd12.myworkdayjobs.com/External_Career_Site/job/Indiana---Indianapolis/Platform-Security-Architect_JR360447,,2026-10-05
Workday,workday,Principal Cybersecurity Engineer - US Federal,USA.VA.Reston,https://workday.wd5.myworkdayjobs.com/Workday/job/USAVAReston/Principal-Cybersecurity-Engineer---US-Federal_JR-0109437,"CompTIA CySA+, CompTIA CASP+ / SecurityX",2026-10-05
Workday,workday,Principal Cyber Security Engineer US Federal,USA.VA.Reston,https://workday.wd5.myworkdayjobs.com/Workday/job/USAVAReston/Principal-Cyber-Security-Engineer-US-Federal_JR-0110057,"CompTIA CySA+, CompTIA CASP+ / SecurityX",2026-10-05
Workday,workday,"Principal Cloud Security Engineer, Identity & Access (IAM)",USA.VA.Reston,https://workday.wd5.myworkdayjobs.com/Workday/job/USAVAReston/Principal-Cloud-IAM-Engineer_JR-0106596,AWS Certified Security,2026-10-05
Workday,workday,Principal Cloud IAM Engineer (US Federal),USA.VA.Reston,https://workday.wd5.myworkdayjobs.com/Workday/job/USAVAReston/Principal-Cloud-Engineer--US-Federal-_JR-0104997,"CompTIA CySA+, CompTIA CASP+ / SecurityX",2026-10-05
Workday,travelers,Technical Product Owner (IAM - Cybersecurity),GA - Atlanta,https://travelers.wd5.myworkdayjobs.com/External/job/GA---Atlanta/Technical-Product-Owner--IAM---Cybersecurity-_R-52096,,2026-10-05
Workday,travelers,Cybersecurity Ops Technologist I (Email Security),CT - Hartford,https://travelers.wd5.myworkdayjobs.com/External/job/CT---Hartford/Cybersecurity-Ops-Technologist-I--Email-Security-_R-51913,,2026-10-05
Workday,travelers,Senior Associate Cybersecurity Specialist - Third Party Risk Management Program,CT - Hartford,https://travelers.wd5.myworkdayjobs.com/External/job/CT---Hartford/Sr-Assoc-Cybersecurity-Specialist_R-50096,"GIAC GSEC, SSCP",2026-10-05
Workday,bah,Cryptography Engineer,"Chantilly, VA",https://bah.wd1.myworkdayjobs.com/BAH_Jobs/job/Chantilly-VA/Cryptography-Engineer_R0244067,,2026-10-05
Workday,workday,Senior Cybersecurity Data Engineer - Data Platform & Lakehouse SME,USA.VA.Reston,https://workday.wd5.myworkdayjobs.com/Workday/job/USAVAReston/Senior-Cybersecurity-Data-Engineer---Data-Platform---Lakehouse-SME_JR-0107830,,2026-10-05
Workday,pwc,Cybersecurity Engineer – Google SecOps/SIEM | Managed Services Operations,Warszawa - Polna 11,https://pwc.wd3.myworkdayjobs.com/Global_Experienced_Careers/job/Warszawa---Polna-11/Cybersecurity-Engineer---Google-SecOps-SIEM---Managed-Services-Operations_765987WD,,2026-10-05
Workday,pwc,Lead Cybersecurity Engineer – Google SecOps | Managed Services Operations,Warszawa - Polna 11,https://pwc.wd3.myworkdayjobs.com/Global_Experienced_Careers/job/Warszawa---Polna-11/Lead-Cybersecurity-Engineer---Google-SecOps---Managed-Services-Operations_765989WD-1,,2026-10-05
Workday,travelers,Senior Cybersecurity Technologist,GA - Atlanta,https://travelers.wd5.myworkdayjobs.com/External/job/GA---Atlanta/Senior-Cybersecurity-Technologist_R-51512,,2026-10-05
Workday,paypal,"Director, Cybersecurity Engineering","Scottsdale, Arizona, United States of America",https://wd1.myworkdaysite.com/recruiting/paypal/jobs/job/Scottsdale-Arizona-United-States-of-America/Director--Cybersecurity-Engineering_R0137863,,2026-10-05
Workday,pwc,IN_Associate_Governance GRC_ITRA_Advisory_Bangalore,Bengaluru Millenia,https://pwc.wd3.myworkdayjobs.com/Global_Experienced_Careers/job/Bengaluru-Millenia/IN-Senior-Associate--Governance-GRC-Managed-Services-Advisory-Gurgaon_749198WD-2,,2026-10-05
Workday,pwc,"ETIC, Cyber GRC Graduate Program (German Speaker)",Cairo - ETIC,https://pwc.wd3.myworkdayjobs.com/Global_Experienced_Careers/job/Cairo---ETIC/ETIC--Cybersecurity-Graduate-Program--German-Speaker-_763464WD,,2026-10-05
Workday,travelers,"Manager, Cyber Risk Services",CT - Hartford,https://travelers.wd5.myworkdayjobs.com/External/job/CT---Hartford/Manager--Cyber-Risk-Services_R-51708,"CISSP, CISM, CRISC",2026-10-05
Workday,pwc,Cyber Security - Client Interactions Senior Associate,Prague,https://pwc.wd3.myworkdayjobs.com/Global_Experienced_Careers/job/Prague/Client-Interactions-Senior-Associate_763949WD-1,,2026-10-05
Workday,pwc,IN-Associate-IAM implementer -GCC-Advisory-Bangalore,Bengaluru Millenia,https://pwc.wd3.myworkdayjobs.com/Global_Experienced_Careers/job/Bengaluru-Millenia/IN-Senior-Associate-IAM-implementer--Advisory-Corporate-Advisory-Bangalore_749745WD-1,,2026-10-05
Workday,pwc,Cyber Security - Client Interactions Manager,Prague,https://pwc.wd3.myworkdayjobs.com/Global_Experienced_Careers/job/Prague/Client-Interactions-Manager_763958WD,,2026-10-05
Workday,pwc,"ETIC, Cybersecurity Internship",Cairo - ETIC,https://pwc.wd3.myworkdayjobs.com/Global_Experienced_Careers/job/Cairo---ETIC/ETIC--Cybersecurity-Internship_688699WD,,2026-10-05
Workday,pwc,Cybersecurity Manager,Budapest,https://pwc.wd3.myworkdayjobs.com/Global_Experienced_Careers/job/Budapest/Cybersecurity-Manager_764948WD-1,,2026-10-05
Workday,pwc,Senior Associate – Identity & Access Management (IAM L3),Buenos Aires,https://pwc.wd3.myworkdayjobs.com/Global_Experienced_Careers/job/Buenos-Aires/Senior-Associate---Identity---Access-Management--IAM-L3-_755831WD-1,CISSP,2026-10-05
Workday,pwc,Associate Identity & Access Management- Cybersecurity [US Client],Buenos Aires,https://pwc.wd3.myworkdayjobs.com/Global_Experienced_Careers/job/Buenos-Aires/Associate-Identity---Access-Management--Cybersecurity--US-Client-_741234WD-1,,2026-10-05
Workday,workday,Vulnerability Management Analyst (US Federal),USA.VA.Reston,https://workday.wd5.myworkdayjobs.com/Workday/job/USAVAReston/Cybersecurity-Risk-Analyst--US-Federal-_JR-0109433,"CISSP, CompTIA Security+, CEH",2026-10-05
Workday,pwc,Manager Identity & Access Management- Cybersecurity [US Client],Buenos Aires,https://pwc.wd3.myworkdayjobs.com/Global_Experienced_Careers/job/Buenos-Aires/Manager-Associate-Identity---Access-Management--Cybersecurity--US-Client-_741610WD-1,CISSP,2026-10-05
Workday,pwc,Associate – SIEM/SOAR Engineering,Argentina AC Olivos,https://pwc.wd3.myworkdayjobs.com/Global_Experienced_Careers/job/Argentina-AC-Olivos/Associate---SIEM-SOAR-Engineering_745305WD,"GIAC GCIH, GIAC GCIA, GIAC (other)",2026-10-05
Workday,pwc,Senior DevSecOps [US Client],Buenos Aires,https://pwc.wd3.myworkdayjobs.com/Global_Experienced_Careers/job/Buenos-Aires/Senior-DevSecOps--US-Client-_709111WD-1,,2026-10-05
Workday,pwc,Senior Associate Identity & Access Management- Cybersecurity [US Client],Buenos Aires,https://pwc.wd3.myworkdayjobs.com/Global_Experienced_Careers/job/Buenos-Aires/Senior-Associate-Identity---Access-Management--Cybersecurity--US-Client-_741605WD-1,CISSP,2026-10-05
Workday,pwc,Engenheiro De Detecção (SIEM / XDR) | Senior Associate 2 [tag01],AE - Barueri,https://pwc.wd3.myworkdayjobs.com/Global_Experienced_Careers/job/AE---Barueri/Engenheiro-De-Deteco--SIEM---XDR----Senior-Associate-2--tag01-_753788WD-1,,2026-10-05
Workday,pwc,Cybersecurity Consultant,Prague,https://pwc.wd3.myworkdayjobs.com/Global_Experienced_Careers/job/Prague/Cybersecurity-Consultant_723664WD-1,"CISSP, CISM, GIAC GCIH, GIAC GCIA, GIAC (other)",2026-10-05
Workday,pwc,Threat Detection and Response Specialist,Prague,https://pwc.wd3.myworkdayjobs.com/Global_Experienced_Careers/job/Prague/Threat-Detection-and-Response-Specialist_723663WD-2,"CompTIA CySA+, GIAC GCIH, GIAC GCIA, GIAC (other), Microsoft SC-200 (Security Operations Analyst)",2026-10-05
Workday,pwc,IN_Associate_OT Cybersecurity_Cyber in Emerging Tech_Advisory_Bangalore,Bengaluru Millenia,https://pwc.wd3.myworkdayjobs.com/Global_Experienced_Careers/job/Bengaluru-Millenia/IN-Senior-Associate-OT-Cybersecurity-Cyber-in-Emerging-Technology-Advisory-Bangalore_749494WD,,2026-10-05
Workday,pwc,"Senior Associate - Deals, Forensics (GIOC)",Penang,https://pwc.wd3.myworkdayjobs.com/Global_Experienced_Careers/job/Penang/Senior-Associate---Deals--Forensics--GIOC-_754401WD-1,,2026-10-05
Workday,pwc,GRC & IT Internal Audit Consultant,Athens,https://pwc.wd3.myworkdayjobs.com/Global_Experienced_Careers/job/Athens/GRC---IT-Internal-Audit-Consultant_763252WD,"CISSP, CISA, CCSP",2026-10-05
Workday,pwc,Cybersecurity Managed Services Senior Manager (Growth & Market Development),Warszawa,https://pwc.wd3.myworkdayjobs.com/Global_Experienced_Careers/job/Warszawa/Cybersecurity-Managed-Services-Senior-Manager--Growth---Market-Development-_747370WD,,2026-10-05
Workday,pwc,IN_Associate_OT Cybersecurity_ITRA_Advisory_Gurgaon,Gurugram 8 B,https://pwc.wd3.myworkdayjobs.com/Global_Experienced_Careers/job/Gurugram-8-B/IN-Senior-Associate-OT-Cybersecurity-Cyber-in-Emerging-Technology-Advisory-Bangalore_749493WD-1,,2026-10-05
Workday,pwc,Cybersecurity Managed Services Senior Manager (Service Delivery Management),Warszawa,https://pwc.wd3.myworkdayjobs.com/Global_Experienced_Careers/job/Warszawa/Cybersecurity-Managed-Services-Senior-Manager--Service-Delivery-Management-_747381WD-2,,2026-10-05
Workday,pwc,"RISK IA&GRC, HSE Senior Associate - Padova [OTS]",Padua,https://pwc.wd3.myworkdayjobs.com/Global_Experienced_Careers/job/Padua/RISK-IA-GRC--HSE-Senior-Associate---Padova--OTS-_763140WD,,2026-10-05
Workday,pwc,(Senior) Manager | Cybersecurity Consulting,Warszawa,https://pwc.wd3.myworkdayjobs.com/Global_Experienced_Careers/job/Warszawa/XMLNAME--Senior--Manager---Cybersecurity-Consulting_755139WD,"CISSP, CISM, CISA, CCSP",2026-10-05
Workday,pwc,Manager / Senior Manager Cyber Risiko & Regulationen Berater / Prüfer,Zürich,https://pwc.wd3.myworkdayjobs.com/Global_Experienced_Careers/job/Zrich/Manager---Senior-Manager-Cyber-Risiko---Regulationen-Berater---Prfer_754751WD-1,"CISSP, CISM, CISA, CRISC",2026-10-05
Workday,pwc,Manager / Senior Manager - Cyber Regulatory Strategy & Transformation,Genève,https://pwc.wd3.myworkdayjobs.com/Global_Experienced_Careers/job/Genve/Manager---Senior-Manager---Cyber-Regulatory-Strategy---Transformation_754748WD,"CISSP, CISM",2026-10-05
Workday,pwc,Manager / Senior Manager Conseil & Audit en Gestion des Cyber-risques & Conformité Réglementaire,Genève,https://pwc.wd3.myworkdayjobs.com/Global_Experienced_Careers/job/Genve/Manager---Senior-Manager-Conseil---Audit-en-Gestion-des-Cyber-risques---Conformit-Rglementaire_754750WD,"CISSP, CISM, CISA, CRISC",2026-10-05
Workday,pwc,IAM Architect,Zürich,https://pwc.wd3.myworkdayjobs.com/Global_Experienced_Careers/job/Zrich/IAM-Architect_669290WD,"CISSP, CISM",2026-10-05
Workday,pwc,"Cyber Generalist, Manager",Toronto,https://pwc.wd3.myworkdayjobs.com/Global_Experienced_Careers/job/Toronto/Cyber-Generalist--Manager_761842WD,"CISSP, CISM, CEH, CRISC",2026-10-05
Workday,pwc,IRM/GRC Technologies Senior Associate,Toronto,https://pwc.wd3.myworkdayjobs.com/Global_Experienced_Careers/job/Toronto/IRM-GRC-Technologies-Senior-Associate_729518WD-1,"CISSP, CISM, CISA, CRISC",2026-10-05
Workday,pwc,Cybersecurity Strategy and Transformation Senior Manager,Toronto,https://pwc.wd3.myworkdayjobs.com/Global_Experienced_Careers/job/Toronto/Cybersecurity-Generalist-Senior-Manager_726362WD,"CISSP, CISA, CRISC",2026-10-05
Workday,travelers,Cybersecurity Ops Technologist - Splunk SIEM Engineer,GA - Atlanta,https://travelers.wd5.myworkdayjobs.com/External/job/GA---Atlanta/Cybersecurity-Ops-Technologist---Splunk-SIEM-Engineer_R-51597,,2026-10-05
Workday,pwc,Director in Cybersecurity Technology & Transformation,Zürich,https://pwc.wd3.myworkdayjobs.com/Global_Experienced_Careers/job/Zrich/Director-in-Cybersecurity-Technology---Transformation_760373WD-1,CISSP,2026-10-05
Workday,pwc,Forensic - Intern - Milano [OTS],Milan,https://pwc.wd3.myworkdayjobs.com/Global_Experienced_Careers/job/Milan/Forensic---Intern---Milano--OTS-_759267WD,,2026-10-05
Workday,pwc,"ETIC, Cybersecurity IAM/IDAM - Manager",Cairo - ETIC,https://pwc.wd3.myworkdayjobs.com/Global_Experienced_Careers/job/Cairo---ETIC/ETIC--Cybersecurity-IAM-IDAM---Manager_748442WD,,2026-10-05
Workday,pwc,Academy Cyber,Milano - Piazza Tre Torri 2,https://pwc.wd3.myworkdayjobs.com/Global_Experienced_Careers/job/Milano---Piazza-Tre-Torri-2/Academy-Cyber_749017WD-1,,2026-10-05
Workday,pwc,Manager / Senior Manager | Cybersécurité | GRC | F/H,Neuilly-sur-Seine,https://pwc.wd3.myworkdayjobs.com/Global_Experienced_Careers/job/Neuilly-sur-Seine/Senior-Manager---Cyberscurit---GRC---F-H_716219WD,,2026-10-05
Workday,pwc,Cybersecurity Intern - Torino [OTS],Turin,https://pwc.wd3.myworkdayjobs.com/Global_Experienced_Careers/job/Turin/Cybersecurity-Intern---Torino--OTS-_759568WD,,2026-10-05
Workday,pwc,Cybersecurity - Intern - Bologna [OTS],Bologna,https://pwc.wd3.myworkdayjobs.com/Global_Experienced_Careers/job/Bologna/Cybersecurity---Intern---Bologna--OTS-_755847WD,,2026-10-05
Workday,pwc,Cybersecurity - Intern - Rubano [OTS],Rubano,https://pwc.wd3.myworkdayjobs.com/Global_Experienced_Careers/job/Rubano/Cybersecurity---Intern---Rubano--OTS-_755851WD,,2026-10-05
Workday,pwc,Cybersecurity Experienced Manager,Luxembourg,https://pwc.wd3.myworkdayjobs.com/Global_Experienced_Careers/job/Luxembourg/Cybersecurity-Experienced-Manager_750777WD,"CISSP, CISM, CISA",2026-10-05
Workday,pwc,Manager/Senior Manager - Senior Cyber Security Architect,Zürich,https://pwc.wd3.myworkdayjobs.com/Global_Experienced_Careers/job/Zrich/Manager-Senior-Manager-Security-Architect_617497WD,"CISSP, CISM, CCSP",2026-10-05
Workday,pwc,Senior Forensic Accountant,Bangkok,https://pwc.wd3.myworkdayjobs.com/Global_Experienced_Careers/job/Bangkok/Senior-Forensic-Accountant_751343WD,,2026-10-05
Workday,pwc,Cybersecurity Experienced Consultant,Luxembourg,https://pwc.wd3.myworkdayjobs.com/Global_Experienced_Careers/job/Luxembourg/Cybersecurity-Experienced-Consultant_750349WD,"CISSP, CISM, CISA, CCSP",2026-10-05
Workday,pwc,"ETIC, Cybersecurity Graduate Program",Cairo - ETIC,https://pwc.wd3.myworkdayjobs.com/Global_Experienced_Careers/job/Cairo---ETIC/ETIC--Cybersecurity-Graduate-Program_734232WD,,2026-10-05
Workday,pwc,Senior Associate - Cybersecurity Berater und Prüfer,Zürich,https://pwc.wd3.myworkdayjobs.com/Global_Experienced_Careers/job/Zrich/Senior-Associate---Cybersecurity-Berater-und-Prfert-01082026_740023WD,"CISSP, CISM, CISA, CRISC",2026-10-05
Workday,pwc,"ETIC, SAP Security Associate - Cyber Security",Cairo - ETIC,https://pwc.wd3.myworkdayjobs.com/Global_Experienced_Careers/job/Cairo---ETIC/ETIC--SAP-Security-Associate---Cyber-Security_740732WD,,2026-10-05
Workday,pwc,Senior OT Security Engineer,Athens,https://pwc.wd3.myworkdayjobs.com/Global_Experienced_Careers/job/Athens/Senior-OT-Engineer_723734WD,,2026-10-05
Workday,pwc,Intern - Forensic - Roma [OTS],Rome,https://pwc.wd3.myworkdayjobs.com/Global_Experienced_Careers/job/Rome/Intern---Forensic---Roma--OTS-_737087WD,,2026-10-05
Workday,pwc,"ETIC, Cybersecurity IAM/IDAM - Senior Associate",Cairo,https://pwc.wd3.myworkdayjobs.com/Global_Experienced_Careers/job/Cairo/ETIC--Cybersecurity-IAM-IDAM---Senior-Associate_746252WD,,2026-10-05
Workday,pwc,Risk Services - Cybersecurity Consultant/ Manager,Singapore,https://pwc.wd3.myworkdayjobs.com/Global_Experienced_Careers/job/Singapore/Risk-Services---Cybersecurity-Consultant--Manager_710899WD,"CISSP, CISA, CRISC",2026-10-05
Workday,pwc,"ETIC, Cyber Risk Senior Associate (German Speaker)",Cairo - ETIC,https://pwc.wd3.myworkdayjobs.com/Global_Experienced_Careers/job/Cairo---ETIC/ETIC--Cyber-Risk-Senior-Associate--German-Speaker-_745165WD,,2026-10-05
Workday,pwc,Network Security Engineer,Athens,https://pwc.wd3.myworkdayjobs.com/Global_Experienced_Careers/job/Athens/Data-Security-Engineer_747045WD,,2026-10-05
Workday,pwc,Forensic Associate - Milano [OTS],Milan,https://pwc.wd3.myworkdayjobs.com/Global_Experienced_Careers/job/Milan/Forensic---Associate---Milano--OTS-_742567WD-1,,2026-10-05
Workday,pwc,Cybersecurity - Microsoft Security - Senior Associate - Milano [OTS],Milano - Piazza Tre Torri 2,https://pwc.wd3.myworkdayjobs.com/Global_Experienced_Careers/job/Milano---Piazza-Tre-Torri-2/Associate--Senior-Associate-Cybersecurity-Digital-Identity_700959WD,,2026-10-05
Workday,pwc,Cybersecurity Governance & Compliance Senior Associate - Roma [OTS],Rome,https://pwc.wd3.myworkdayjobs.com/Global_Experienced_Careers/job/Rome/Cybersecurity-Roma---Senior-Associate---Governance---Compliance_721469WD,,2026-10-05
Workday,pwc,"ETIC, Cybersecurity Business Continuity & Resilience Senior Manager",Cairo - ETIC,https://pwc.wd3.myworkdayjobs.com/Global_Experienced_Careers/job/Cairo---ETIC/ETIC--Cybersecurity-Business-Continuity---Resilience-Senior-Manager_726217WD,,2026-10-05
Workday,pwc,Senior IAM Specialist – Ping/ForgeRock,Sofia,https://pwc.wd3.myworkdayjobs.com/Global_Experienced_Careers/job/Sofia/Senior-IAM-Specialist---Ping-ForgeRock_742865WD,,2026-10-05
Workday,pwc,"RISK IA&GRC, HSE Senior Associate - Bologna [OTS]",Bologna,https://pwc.wd3.myworkdayjobs.com/Global_Experienced_Careers/job/Bologna/Associate---Senior-Associate---RISK-IA-GRC--HSE---Padova_703379WD-2,,2026-10-05
Workday,pwc,Cybersecurity - IAM Engineer - Senior Associate - Milano [OTS],Milan,https://pwc.wd3.myworkdayjobs.com/Global_Experienced_Careers/job/Milan/Cybersecurity---IAM-Engineer---Senior-Associate---Milano--OTS-_732818WD,,2026-10-05
Workday,pwc,Consultant Senior | Cybersécurité | GRC | F/H,Neuilly-sur-Seine,https://pwc.wd3.myworkdayjobs.com/Global_Experienced_Careers/job/Neuilly-sur-Seine/Consultant-Senior---Cyberscurit---GRC---H-F_674120WD,,2026-10-05
Workday,pwc,IAM Engineer,Athens,https://pwc.wd3.myworkdayjobs.com/Global_Experienced_Careers/job/Athens/IAM-Engineer_735002WD-1,"Microsoft SC-300 (Identity & Access Administrator), Microsoft SC-100 (Cybersecurity Architect)",2026-10-05
Workday,pwc,"ETIC, Cybersecurity Internship",Cairo - ETIC,https://pwc.wd3.myworkdayjobs.com/Global_Experienced_Careers/job/Cairo---ETIC/ETIC--Cybersecurity-Internship_686527WD,,2026-10-05
Workday,pwc,"ETIC, SAP Security Senior Associate - Cyber Security",Cairo,https://pwc.wd3.myworkdayjobs.com/Global_Experienced_Careers/job/Cairo/ETIC--SAP-Security-Senior-Associate---Cyber-Security_683009WD-1,,2026-10-05
Workday,pwc,"ETIC, Ethical Hacking Senior Associate - Cyber Security",Cairo - ETIC,https://pwc.wd3.myworkdayjobs.com/Global_Experienced_Careers/job/Cairo---ETIC/ETIC--Ethical-Hacking-Senior-Associate---Cyber-Security_745853WD,,2026-10-05
Workday,pwc,"ETIC, Cyber Risk Associate (German Speaker)",Cairo - ETIC,https://pwc.wd3.myworkdayjobs.com/Global_Experienced_Careers/job/Cairo---ETIC/ETIC--Cyber-Risk-Associate--German-Speaker-_723023WD,,2026-10-05
Workday,pwc,"ETIC, Cybersecurity Graduate Program (German Speaker)",Cairo - ETIC,https://pwc.wd3.myworkdayjobs.com/Global_Experienced_Careers/job/Cairo---ETIC/ETIC--Cybersecurity-Graduate-Program--German-Speaker-_723024WD,,2026-10-05
Workday,pwc,Cybersecurity - Governance & Resilience - Associate - Milano [OTS],Milan,https://pwc.wd3.myworkdayjobs.com/Global_Experienced_Careers/job/Milan/Cybersecurity---Resilience---Associate_638742WD,,2026-10-05
Workday,pwc,Senior PAM Specialist – CyberArk,Sofia,https://pwc.wd3.myworkdayjobs.com/Global_Experienced_Careers/job/Sofia/Senior-PAM-Specialist---CyberArk_741401WD,,2026-10-05
Workday,pwc,"ETIC, Cyber Risk Senior Associate",Cairo - ETIC,https://pwc.wd3.myworkdayjobs.com/Global_Experienced_Careers/job/Cairo---ETIC/ETIC--Cyber-Risk-Senior-Associate_708849WD,,2026-10-05
Workday,pwc,Consulting Director - Cyber Defense,Singapore,https://pwc.wd3.myworkdayjobs.com/Global_Experienced_Careers/job/Singapore/Consulting-Director---Cyber-Defense_718376WD,"CISSP, CISM, GIAC (other)",2026-10-05
Workday,pwc,Network Security Senior Associate,Karachi,https://pwc.wd3.myworkdayjobs.com/Global_Experienced_Careers/job/Karachi/Network-Security-Senior-Associate_712844WD,"CISM, CCNA, Fortinet NSE / FCSS",2026-10-05
Workday,pwc,Senior Forensics Technology Advisor (m/f/d),Luxembourg,https://pwc.wd3.myworkdayjobs.com/Global_Experienced_Careers/job/Luxembourg/Senior-Forensics-Technology-Advisor--m-f-d-_714760WD,,2026-10-05
Workday,pwc,"Risk Services, Technology Risk Services - Incident Response & SOC Compliance, Senior Associate / Assistant Manager",Singapore,https://pwc.wd3.myworkdayjobs.com/Global_Experienced_Careers/job/Singapore/Risk-Services--Technology-Risk-Services---Incident-Response---SOC-Compliance--Senior-Associate---Assistant-Manager_717802WD,"CISSP, CISM, CISA, GIAC GCIH, GIAC (other)",2026-10-05
Workday,pwc,Manager - Forensics Services (Risk Consulting),Ho Chi Minh City,https://pwc.wd3.myworkdayjobs.com/Global_Experienced_Careers/job/Ho-Chi-Minh-City/Manager---Forensics-Services--Risk-Consulting-_715623WD,,2026-10-05
Workday,pwc,Cybersecurity Architect,Singapore,https://pwc.wd3.myworkdayjobs.com/Global_Experienced_Careers/job/Singapore/Cybersecurity-Architect_712449WD,"CISSP, CISM, CISA",2026-10-05
Workday,pwc,"ETIC, Identity and Access Management - Senior Associate",Cairo - ETIC,https://pwc.wd3.myworkdayjobs.com/Global_Experienced_Careers/job/Cairo---ETIC/ETIC--Identity-and-Access-Management---Senior-Associate_683015WD,"Azure Security Engineer (AZ-500), Microsoft SC-300 (Identity & Access Administrator)",2026-10-05
Workday,pwc,"ETIC, Cyber Security - SAP Security - Graduate Program",Cairo - ETIC,https://pwc.wd3.myworkdayjobs.com/Global_Experienced_Careers/job/Cairo---ETIC/ETIC--Cyber-Security---SAP-Security---Graduate-Program_693364WD,,2026-10-05
Workday,pwc,"ETIC, Cyber Security - OT Security - Graduate Program",Cairo - ETIC,https://pwc.wd3.myworkdayjobs.com/Global_Experienced_Careers/job/Cairo---ETIC/ETIC--Cyber-Security---OT-Security---Graduate-Program_693360WD,,2026-10-05
Workday,pwc,Data Risk & AI Security | Senior Associate | Cyber Consulting | Advisory,Dublin,https://pwc.wd3.myworkdayjobs.com/Global_Experienced_Careers/job/Dublin/AI-Security---Senior-Associate---Cyber-Consulting---Advisory_686495WD,,2026-10-05
Workday,pwc,"ETIC, Identity and Access Management - Senior Associate",Cairo - ETIC,https://pwc.wd3.myworkdayjobs.com/Global_Experienced_Careers/job/Cairo---ETIC/ETIC--Identity-and-Access-Management---Senior-Associate_650799WD,"Azure Security Engineer (AZ-500), Microsoft SC-300 (Identity & Access Administrator)",2026-10-05
Workday,pwc,Identity and Access Management Consultant (OIG/OIM) - Senior Associate,Singapore,https://pwc.wd3.myworkdayjobs.com/Global_Experienced_Careers/job/Singapore/Identity-and-Access-Management-Consultant--OIG-OIM----Senior-Associate_695599WD,"CISSP, CISM",2026-10-05
Workday,pwc,"ETIC, Cyber Security Cloud Security Senior Manager",Cairo - ETIC,https://pwc.wd3.myworkdayjobs.com/Global_Experienced_Careers/job/Cairo---ETIC/ETIC--Cyber-Security-Cloud-Security-Senior-Manager_684810WD,CISSP,2026-10-05
Workday,pwc,Consultoría I BSS | Senior Associate - IAM | 2026 | Madrid,Madrid,https://pwc.wd3.myworkdayjobs.com/Global_Experienced_Careers/job/Madrid/Consultora-I-BSS---Senior-Associate---IAM---2026---Madrid_696382WD,,2026-10-05
Workday,pwc,"Cyber Governance, Risk & Compliance (GRC) – Senior Associate",Singapore,https://pwc.wd3.myworkdayjobs.com/Global_Experienced_Careers/job/Singapore/Cyber-Governance--Risk---Compliance--GRC----Senior-Associate_708396WD,"CISSP, CISM, CRISC",2026-10-05
Workday,pwc,Identity and Access Management Consultant- Senior Associate,Singapore,https://pwc.wd3.myworkdayjobs.com/Global_Experienced_Careers/job/Singapore/Identity-and-Access-Management-Consultant--Senior-Associate_696477WD,"CISSP, CISM, CISA",2026-10-05
Workday,pwc,"ETIC, Cyber Security Cloud Security Manager",Cairo,https://pwc.wd3.myworkdayjobs.com/Global_Experienced_Careers/job/Cairo/ETIC--Cyber-Security-Cloud-Security-Manager_683026WD,CISSP,2026-10-05
Workday,pwc,"ETIC, Cybersecurity Business Continuity & Resilience - Senior Associate",Cairo - ETIC,https://pwc.wd3.myworkdayjobs.com/Global_Experienced_Careers/job/Cairo---ETIC/ETIC--Cybersecurity-Business-Continuity---Resilience---Senior-Associate_693354WD,,2026-10-05
Workday,pwc,"ETIC, Cyber Risk Manager",Cairo - ETIC,https://pwc.wd3.myworkdayjobs.com/Global_Experienced_Careers/job/Cairo---ETIC/ETIC--Cyber-Risk-Manager_683013WD,"CISSP, CISM",2026-10-05
Workday,pwc,"ETIC, Cybersecurity Identity and Access Management - Manager",Cairo - ETIC,https://pwc.wd3.myworkdayjobs.com/Global_Experienced_Careers/job/Cairo---ETIC/ETIC--Cybersecurity-Identity-and-Access-Management---Manager_688011WD,,2026-10-05
Workday,pwc,"ETIC, Cybersecurity Business Continuity & Resilience Manager",Cairo - ETIC,https://pwc.wd3.myworkdayjobs.com/Global_Experienced_Careers/job/Cairo---ETIC/ETIC--Cybersecurity-Business-Continuity---Resilience-Manager_692917WD,,2026-10-05
Workday,pwc,Senior Associate - Advisory Deals - Forensics (Technology),Jakarta,https://pwc.wd3.myworkdayjobs.com/Global_Experienced_Careers/job/Jakarta/Senior-Associate---Advisory-Deals---Forensics--Technology-_691890WD,"CISA, GIAC (other)",2026-10-05
Workday,pwc,"ETIC, Cybersecurity Graduate Program",Cairo,https://pwc.wd3.myworkdayjobs.com/Global_Experienced_Careers/job/Cairo/ETIC--Cybersecurity-Graduate-Program_548204WD,,2026-10-05
Workday,pwc,"ETIC, Cybersecurity - Data Privacy - Senior Associate",Cairo - ETIC,https://pwc.wd3.myworkdayjobs.com/Global_Experienced_Careers/job/Cairo---ETIC/ETIC--Cybersecurity---Data-Privacy---Senior-Associate_688031WD-1,,2026-10-05
Workday,pwc,"ETIC, Cyber Security Cloud Security Manager",Cairo,https://pwc.wd3.myworkdayjobs.com/Global_Experienced_Careers/job/Cairo/ETIC--Cyber-Security-Cloud-Security-Manager_594251WD,CISSP,2026-10-05
Workday,pwc,Identity & Access Management | Director | Cyber Consulting | Advisory,Dublin,https://pwc.wd3.myworkdayjobs.com/Global_Experienced_Careers/job/Dublin/Identity---Access-Management---Director---Cyber-Consulting---Advisory_685766WD,"CISSP, CISM",2026-10-05
Workday,pwc,"ETIC, Cyber Risk Senior Associate",Cairo - ETIC,https://pwc.wd3.myworkdayjobs.com/Global_Experienced_Careers/job/Cairo---ETIC/ETIC--Cyber-Risk-Senior-Associate_692962WD,,2026-10-05
Workday,pwc,"ETIC, Cybersecurity - AI Engineer - Manager",Cairo - ETIC,https://pwc.wd3.myworkdayjobs.com/Global_Experienced_Careers/job/Cairo---ETIC/ETIC--Cybersecurity---AI-Engineer---Manager_688027WD,,2026-10-05
Workday,pwc,"ETIC, Identity and Access Management - Associate",Cairo - ETIC,https://pwc.wd3.myworkdayjobs.com/Global_Experienced_Careers/job/Cairo---ETIC/ETIC--Identity-and-Access-Management---Associate_669593WD,"Azure Security Engineer (AZ-500), Microsoft SC-300 (Identity & Access Administrator)",2026-10-05
Workday,pwc,Cybersecurity-  Sr. IAM Associate,Makati,https://pwc.wd3.myworkdayjobs.com/Global_Experienced_Careers/job/Makati/Cybersecurity---Sr-IAM-Associate_657299WD,,2026-10-05
Workday,pwc,"ETIC, Cybersecurity IAM/IDAM - Associate",Cairo,https://pwc.wd3.myworkdayjobs.com/Global_Experienced_Careers/job/Cairo/ETIC--Cybersecurity-IAM-IDAM---Associate_668084WD,,2026-10-05
Workday,pwc,Cyber Security Associate - Penetration Tester,Bangkok,https://pwc.wd3.myworkdayjobs.com/Global_Experienced_Careers/job/Bangkok/Cyber-Security-Associate---Penetration-Tester_677136WD,,2026-10-05
Workday,pwc,"ETIC, Cyber Risk Associate",Cairo - ETIC,https://pwc.wd3.myworkdayjobs.com/Global_Experienced_Careers/job/Cairo---ETIC/ETIC--Cyber-Risk-Associate_650800WD,"CISSP, CISM, CISA",2026-10-05
Workday,pwc,"ETIC, Identity and Access Management Associate",Cairo - ETIC,https://pwc.wd3.myworkdayjobs.com/Global_Experienced_Careers/job/Cairo---ETIC/ETIC--Identity-and-Access-Management-Associate_668937WD,,2026-10-05
Workday,pwc,"ETIC, Cyber Security - Cloud Security - Graduate Program",Cairo - ETIC,https://pwc.wd3.myworkdayjobs.com/Global_Experienced_Careers/job/Cairo---ETIC/ETIC--Cyber-Security---Cloud-Security---Graduate-Program_693361WD,,2026-10-05
Workday,pwc,"Risk Services - Technology, Cyber and Third Party Risk Management - Manager/ Senior Manager",Singapore,https://pwc.wd3.myworkdayjobs.com/Global_Experienced_Careers/job/Singapore/Risk-Services---Technology--Cyber-and-Third-Party-Risk-Management---Manager--Senior-Manager_590310WD,"CISSP, CISM, CISA, PMP",2026-10-05
Workday,pwc,"ETIC, Cybersecurity Threat Detection  - Associate",Cairo,https://pwc.wd3.myworkdayjobs.com/Global_Experienced_Careers/job/Cairo/ETIC--Cybersecurity-Threat-Detection----Associate_670900WD,,2026-10-05
Workday,pwc,"ETIC, Cyber Risk Senior Manager",Cairo - ETIC,https://pwc.wd3.myworkdayjobs.com/Global_Experienced_Careers/job/Cairo---ETIC/ETIC--Cyber-Risk-Senior-Manager_670887WD,,2026-10-05
Workday,pwc,"ETIC, Cyber Risk Associate",Cairo - ETIC,https://pwc.wd3.myworkdayjobs.com/Global_Experienced_Careers/job/Cairo---ETIC/ETIC--Cyber-Risk-Associate_665780WD,"CISSP, CISM, CISA",2026-10-05
Workday,pwc,"ETIC, Identity and Access Management Associate",Cairo - ETIC,https://pwc.wd3.myworkdayjobs.com/Global_Experienced_Careers/job/Cairo---ETIC/ETIC--Identity-and-Access-Management-Associate_670872WD,,2026-10-05
Workday,pwc,"ETIC, Ethical Hacking Senior Associate - Cyber Security",Cairo - ETIC,https://pwc.wd3.myworkdayjobs.com/Global_Experienced_Careers/job/Cairo---ETIC/ETIC--Ethical-Hacking-Senior-Associate---Cyber-Security_650796WD,,2026-10-05
Workday,pwc,"ETIC, Cyber Risk Manager",Cairo - ETIC,https://pwc.wd3.myworkdayjobs.com/Global_Experienced_Careers/job/Cairo---ETIC/ETIC--Cyber-Risk-Manager_669459WD,"CISSP, CISM",2026-10-05
Workday,pwc,"ETIC, Cyber Risk Manager",Cairo - ETIC,https://pwc.wd3.myworkdayjobs.com/Global_Experienced_Careers/job/Cairo---ETIC/ETIC--Cyber-Risk-Manager_635385WD,"CISSP, CISM",2026-10-05
Workday,pwc,"ETIC, Cyber Risk Associate",Cairo - ETIC,https://pwc.wd3.myworkdayjobs.com/Global_Experienced_Careers/job/Cairo---ETIC/ETIC--Cyber-Risk-Associate_614941WD,"CompTIA Security+, CEH",2026-10-05
Workday,pwc,Manager / Senior Manager Cyber Technology and Transformation,Zürich,https://pwc.wd3.myworkdayjobs.com/Global_Experienced_Careers/job/Zrich/Manager---Senior-Manager-Cyber-Technology-and-Transformation_350593WD,"CISSP, CISM, SSCP",2026-10-05
Workday,pwc,Cybersecurity Associate,Makati,https://pwc.wd3.myworkdayjobs.com/Global_Experienced_Careers/job/Makati/Cybersecurity-Associate_359605WD,,2026-10-05
Workday,pwc,"ETIC, Cloud Security - Manager",Cairo - ETIC,https://pwc.wd3.myworkdayjobs.com/Global_Experienced_Careers/job/Cairo---ETIC/ETIC--Cloud-Security---Manager_600183WD,,2026-10-05
Workday,pwc,Senior Associate Forensic BCN,Barcelona,https://pwc.wd3.myworkdayjobs.com/Global_Experienced_Careers/job/Barcelona/Senior-Associate-Forensic-BCN_548292WD,,2026-10-05
Workday,pwc,"ETIC, Cybersecurity Risk Technology Associate",Cairo,https://pwc.wd3.myworkdayjobs.com/Global_Experienced_Careers/job/Cairo/ETIC--Cybersecurity-Risk-Technology----Senior-Associate_417627WD,"CISSP, CISM",2026-10-05
Workday,pwc,FY26 - Risk Assurance - Manager - IT Cybersecurity,Jakarta,https://pwc.wd3.myworkdayjobs.com/Global_Experienced_Careers/job/Jakarta/FY26---Risk-Assurance---Manager---IT-Cybersecurity_664076WD,"CISSP, CISA, CEH, CCSP, GIAC (other)",2026-10-05
Workday,pwc,"ETIC, Cyber Risk Associate",Cairo,https://pwc.wd3.myworkdayjobs.com/Global_Experienced_Careers/job/Cairo/ETIC--Cyber-Risk-Associate_580873WD-1,"CISSP, CISM, CISA",2026-10-05
Workday,pwc,"ETIC, Cybersecurity Associate (German Speaker)",Cairo - ETIC,https://pwc.wd3.myworkdayjobs.com/Global_Experienced_Careers/job/Cairo---ETIC/ETIC--Cybersecurity-Associate--German-Speaker-_584418WD,,2026-10-05
Workday,pwc,Cybersecurity Senior Associate,Makati,https://pwc.wd3.myworkdayjobs.com/Global_Experienced_Careers/job/Makati/Cybersecurity-Senior-Associate_223243WD-1,,2026-10-05
Workday,pwc,Digital Forensics and Incident Response (DFIR) Senior Associate,Makati,https://pwc.wd3.myworkdayjobs.com/Global_Experienced_Careers/job/Makati/Digital-Forensics-and-Incident-Response--DFIR--Senior-Associate_388373WD,"GIAC GCIH, GIAC GREM, GIAC (other)",2026-10-05
Workday,pwc,1-10yrs Application for Cyber- Kolkata DN 57 - RDC,Kolkata,https://pwc.wd3.myworkdayjobs.com/Global_Experienced_Careers/job/Kolkata/XMLNAME-1-10yrs-Application-for-Cyber--Kolkata-DN-57---RDC_288872WD,,2026-10-05
Workday,pwc,FY 26 - Risk Assurance - Senior Associate - IT Cybersecurity,Jakarta,https://pwc.wd3.myworkdayjobs.com/Global_Experienced_Careers/job/Jakarta/FY-26---Risk-Assurance---Senior-Associate---IT-Cybersecurity_664085WD,"CISSP, CISM, OSCP, CCSP",2026-10-05
Workday,pwc,Cyber Security Senior Associate,,https://pwc.wd3.myworkdayjobs.com/Global_Experienced_Careers/job/Cyber-Security-Senior-Associate_571809WD,,2026-10-05
Workday,nvidia,GPU SW Security Engineer,"US, CA, Santa Clara",https://nvidia.wd5.myworkdayjobs.com/NVIDIAExternalCareerSite/job/US-CA-Santa-Clara/GPU-SW-Security-Engineer_JR2026536,,2026-10-05
Workday,autodesk,Principal Network Security Engineer,"Bengaluru, IND",https://autodesk.wd1.myworkdayjobs.com/Ext/job/Bengaluru-IND/Principal-Network-Security-Engineer_26WD100041,"CISSP, CISM",2026-10-05
Workday,pwc,FY25 - Risk Assurance - Senior Manager - IT Cybersecurity,Jakarta,https://pwc.wd3.myworkdayjobs.com/Global_Experienced_Careers/job/Jakarta/FY25---Risk-Assurance---Senior-Manager---IT-Cybersecurity_664118WD,"CISSP, CISA, CEH, CCSP, GIAC (other)",2026-10-05
Workday,nvidia,"Senior Security Engineer, Infrastructure Security Engineering - DGX Cloud","Canada, Remote",https://nvidia.wd5.myworkdayjobs.com/NVIDIAExternalCareerSite/job/Canada-Remote/Senior-Security-Engineer--Infrastructure-Security-Engineering---DGX-Cloud_JR2023143-1,,2026-10-05
Workday,nvidia,"Security Engineer, GPU Kernel Driver","US, CA, Santa Clara",https://nvidia.wd5.myworkdayjobs.com/NVIDIAExternalCareerSite/job/US-CA-Santa-Clara/Security-Engineer--GPU-Kernel-Driver_JR2026525,,2026-10-05
Workday,nvidia,Head of Infrastructure Security Engineering - EDA Clusters,"US, CA, Remote",https://nvidia.wd5.myworkdayjobs.com/NVIDIAExternalCareerSite/job/US-CA-Remote/Head-of-Infrastructure-Security-Engineering---EDA-Clusters_JR2025102,,2026-10-05
Workday,nvidia,Staff Security Engineer - PAM and Agentic Identity,"US, CA, Santa Clara",https://nvidia.wd5.myworkdayjobs.com/NVIDIAExternalCareerSite/job/US-CA-Santa-Clara/Staff-Security-Engineer---PAM-and-Agentic-Identity_JR2024380,,2026-10-05
Workday,nvidia,"Senior Engineering Manager, Infrastructure Security Engineering - DGX Cloud","Canada, Remote",https://nvidia.wd5.myworkdayjobs.com/NVIDIAExternalCareerSite/job/Canada-Remote/Senior-Engineering-Manager--Infrastructure-Security-Engineering---DGX-Cloud_JR2023147-1,,2026-10-05
Workday,autodesk,Application Security Engineer,"Bengaluru, IND",https://autodesk.wd1.myworkdayjobs.com/Ext/job/Bengaluru-IND/Application-Security-Engineer_26WD100819-2,,2026-10-05
Workday,autodesk,"Security Engineer,  FedRamp/GovCloud","Atlanta, GA, USA",https://autodesk.wd1.myworkdayjobs.com/Ext/job/Atlanta-GA-USA/Security-Engineer---FedRamp-GovCloud_26WD99882-2,,2026-10-05
Workday,pwc,"ETIC, Cybersecurity Cloud Security - Manager",Cairo,https://pwc.wd3.myworkdayjobs.com/Global_Experienced_Careers/job/Cairo/ETIC--Cybersecurity-Cloud-Security---Manager_417644WD,,2026-10-05
Workday,nvidia,"Senior Engineering Manager, Infrastructure Security Engineering - DGX Cloud","US, CA, Remote",https://nvidia.wd5.myworkdayjobs.com/NVIDIAExternalCareerSite/job/US-CA-Remote/Senior-Engineering-Manager--Infrastructure-Security-Engineering---DGX-Cloud_JR2024800,,2026-10-05
Workday,nvidia,"Senior Hardware Security Architect, GPU","US, CA, Santa Clara",https://nvidia.wd5.myworkdayjobs.com/NVIDIAExternalCareerSite/job/US-CA-Santa-Clara/Senior-Hardware-Security-Architect--GPU_JR2022806,,2026-10-05
Workday,nvidia,Senior Security Architect,"Israel, Tel Aviv",https://nvidia.wd5.myworkdayjobs.com/NVIDIAExternalCareerSite/job/Israel-Tel-Aviv/Senior-Security-Architect_JR2021941-1,,2026-10-05
Workday,nvidia,"Distinguished Engineer, Security Architecture  - DGX Cloud","US, WA, Remote",https://nvidia.wd5.myworkdayjobs.com/NVIDIAExternalCareerSite/job/US-WA-Remote/Distinguished-Engineer--Security-Architecture----DGX-Cloud_JR2026131,,2026-10-05
Workday,nvidia,Principal Cyber Security Engineer - Agentic Identity and Security,"US, CA, Santa Clara",https://nvidia.wd5.myworkdayjobs.com/NVIDIAExternalCareerSite/job/US-CA-Santa-Clara/Principal-Cyber-Security-Engineer---Agentic-Identity-and-Security_JR2016696,,2026-10-05
Workday,nvidia,"Senior Platform Security Engineer – Device Trust, Attestation and Secure Browser","US, CA, Santa Clara",https://nvidia.wd5.myworkdayjobs.com/NVIDIAExternalCareerSite/job/US-CA-Santa-Clara/Senior-Platform-Security-Engineer---Device-Trust--Attestation-and-Secure-Browser_JR2024769,,2026-10-05
Workday,nvidia,Senior Hardware Security Architect,"Israel, Beer Sheva",https://nvidia.wd5.myworkdayjobs.com/NVIDIAExternalCareerSite/job/Israel-Beer-Sheva/Senior-Hardware-Security-Architect_JR2025563,,2026-10-05
Workday,nvidia,Senior Switch Silicon Security Architect,"Israel, Tel Aviv",https://nvidia.wd5.myworkdayjobs.com/NVIDIAExternalCareerSite/job/Israel-Tel-Aviv/Senior-Switch-Silicon-Security-Architect_JR2025265,,2026-10-05
Workday,nvidia,Senior System Security Architect,"Israel, Tel Aviv",https://nvidia.wd5.myworkdayjobs.com/NVIDIAExternalCareerSite/job/Israel-Tel-Aviv/Senior-System-Security-Architect_JR2019539,,2026-10-05
Workday,nvidia,"Principal Engineer, Security Architecture - DGX Cloud","US, WA, Remote",https://nvidia.wd5.myworkdayjobs.com/NVIDIAExternalCareerSite/job/US-WA-Remote/Principal-Engineer--Security-Architecture---DGX-Cloud_JR2026132,,2026-10-05
Workday,nvidia,Tech Lead - Cryptographic Asset Platform,"US, CA, Santa Clara",https://nvidia.wd5.myworkdayjobs.com/NVIDIAExternalCareerSite/job/US-CA-Santa-Clara/Tech-Lead---Cryptographic-Asset-Platform_JR2025376,,2026-10-05
Workday,nvidia,Senior Silicon Security Architect,"Israel, Yokneam",https://nvidia.wd5.myworkdayjobs.com/NVIDIAExternalCareerSite/job/Israel-Yokneam/Senior-Silicon-Security-Architect_JR2017969,,2026-10-05
Workday,nvidia,Senior Silicon Security Architect,"Israel, Yokneam",https://nvidia.wd5.myworkdayjobs.com/NVIDIAExternalCareerSite/job/Israel-Yokneam/Senior-Silicon-Security-Architect_JR2005598-1,,2026-10-05
Workday,bmo,Cyber Security Developer,"Mississauga, ON, CAN",https://bmo.wd3.myworkdayjobs.com/External/job/Mississauga-ON-CAN/Cyber-Security-Developer_R260027741,,2026-10-05
Workday,bmo,Managing Director - Cybersecurity & Core Technology Audit,"Toronto, ON, CAN",https://bmo.wd3.myworkdayjobs.com/External/job/Toronto-ON-CAN/Managing-Director---Cybersecurity---Core-Technology-Audit_R260027832-1,"CISSP, CISM, CISA, CCSP, GIAC (other), CCSK",2026-10-05
Workday,nvidia,"Senior Firmware Security Architect, Networking","Israel, Yokneam",https://nvidia.wd5.myworkdayjobs.com/NVIDIAExternalCareerSite/job/Israel-Yokneam/Senior-Firmware-Security-Architect--Networking_JR2023671,,2026-10-05
Workday,bmo,Managing Director - Cybersecurity & Core Technology Audit,"Chicago, IL, USA",https://bmo.wd3.myworkdayjobs.com/External/job/Chicago-IL-USA/Managing-Director---Cybersecurity---Core-Technology-Audit_R260027645-1,"CISSP, CISM, CISA, CCSP, GIAC (other), CCSK",2026-10-05
Workday,nvidia,"Senior Software Architect, Cyber Security","Israel, Raanana",https://nvidia.wd5.myworkdayjobs.com/NVIDIAExternalCareerSite/job/Israel-Raanana/Senior-Software-Architect--Cyber-Security_JR2000395,,2026-10-05
Workday,bmo,Managing Director Cyber and Technology Risk RSA,"Chicago, IL, USA",https://bmo.wd3.myworkdayjobs.com/External/job/Chicago-IL-USA/Managing-Director-Cyber-and-Technology-Risk-RSA_R260026418-1,"CISSP, CCSP",2026-10-05
Workday,pwc,IN_Manager_SAP GRC Security_Enterprise Apps-SAP_PAN India,Bengaluru Millenia,https://pwc.wd3.myworkdayjobs.com/Global_Experienced_Careers/job/Bengaluru-Millenia/IN-Manager-SAP-ABAP--SAP-Advisory-PAN-India_748686WD-1,,2026-10-05
Workday,pwc,Cloud Security Engineer,Prague,https://pwc.wd3.myworkdayjobs.com/Global_Experienced_Careers/job/Prague/Cloud-Security-Engineer_738544WD-1,,2026-10-05
Workday,pwc,IN_Senior Associate_MuleSoft Security Engineer –Cyber & Digital Risk Managed Services_Advisory_Bangalore,Bengaluru Millenia,https://pwc.wd3.myworkdayjobs.com/Global_Experienced_Careers/job/Bengaluru-Millenia/IN-Senior-Associate--Internal-Audit-GCC-Advisory-Bangalore_754535WD-2,PMP,2026-10-05
Workday,pwc,CIS Security Architect (freelance),Warszawa Ctech - Polna 11,https://pwc.wd3.myworkdayjobs.com/Global_Experienced_Careers/job/Warszawa-Ctech---Polna-11/CIS-Security-Architect--freelance-_764936WD,"CISSP, CISM, Azure Security Engineer (AZ-500)",2026-10-05
Workday,bmo,"Senior Manager, Information Security Risk","Toronto, ON, CAN",https://bmo.wd3.myworkdayjobs.com/External/job/Toronto-ON-CAN/Senior-Manager--Information-Security-Risk_R260026991-1,"CISSP, CISM, CISA, GIAC (other), CRISC",2026-10-05
Workday,pwc,Talent Pool – Senior Associate - Advisory Deals – Forensics,,https://pwc.wd3.myworkdayjobs.com/Global_Experienced_Careers/job/Talent-Pool---Senior-Associate---Advisory-Deals---Forensics_632664WD,,2026-10-05
Workday,leidos,Cyber Security Analyst,"Adelphi, MD",https://leidos.wd5.myworkdayjobs.com/External/job/Adelphi-MD/Cyber-Security-Analyst_R-00190071,CompTIA Security+,2026-10-05
Workday,pwc,"Information Security Auditors, Audit & Assurance (Ref: 294210WD)",Nicosia,https://pwc.wd3.myworkdayjobs.com/Global_Experienced_Careers/job/Nicosia/IT-Auditors--Audit---Assurance_294210WD,CISA,2026-10-05
Workday,pwc,Financial Services GRC Senior Associate,,https://pwc.wd3.myworkdayjobs.com/Global_Experienced_Careers/job/Financial-Services-GRC-Senior-Associate_571800WD,,2026-10-05
Workday,pwc,"ETIC, Cyber Security Cyber Risk - Associate",Cairo,https://pwc.wd3.myworkdayjobs.com/Global_Experienced_Careers/job/Cairo/ETIC--Cyber-Security-Cyber-Risk----Senior--Associate_395244WD,"CISSP, CISM",2026-10-05
Workday,leidos,Cyber Security Analyst,"Adelphi, MD",https://leidos.wd5.myworkdayjobs.com/External/job/Adelphi-MD/Cyber-Security-Analyst_R-00190098,CompTIA Security+,2026-10-05
Workday,leidos,Endpoint Security Analyst – Elastic Defend,"Adelphi, MD",https://leidos.wd5.myworkdayjobs.com/External/job/Adelphi-MD/Endpoint-Security-Analyst---Elastic-Defend_R-00190298-1,"CISSP, CEH, OSCP, GIAC GCIH, GIAC GCIA, GIAC GREM, GIAC (other)",2026-10-05
Workday,leidos,Cyber Security Analyst,"Adelphi, MD",https://leidos.wd5.myworkdayjobs.com/External/job/Adelphi-MD/Cyber-Security-Analyst_R-00190041,CompTIA Security+,2026-10-05
Workday,leidos,Cyber Security Analyst-ACAS Administrator,"Stuttgart, Germany",https://leidos.wd5.myworkdayjobs.com/External/job/Stuttgart-Germany/Cyber-Security-Analyst-ACAS-Administrator_R-00192761,,2026-10-05
Workday,leidos,Cyber Security Engineer Journeyman,"Tampa, FL",https://leidos.wd5.myworkdayjobs.com/External/job/Tampa-FL/Cyber-Security-Engineer-Journeyman_R-00187292,"CompTIA Security+, CompTIA CySA+, CCNA, Azure Security Engineer (AZ-500), Microsoft SC-200 (Security Operations Analyst), Microsoft SC-300 (Identity & Access Administrator), Microsoft SC-100 (Cybersecurity Architect)",2026-10-05
Workday,mastercard,Lead Guild Security Engineer,"Dublin, Ireland",https://mastercard.wd1.myworkdayjobs.com/CorporateCareers/job/Dublin-Ireland/Lead-Guild-Security-Engineer_R-276410-1,CISSP,2026-10-05
Workday,leidos,Senior Cyber Security Fusion Analyst,"Odenton, MD",https://leidos.wd5.myworkdayjobs.com/External/job/Odenton-MD/Senior-Cyber-Security-Fusion-Analyst_R-00188293,CompTIA Security+,2026-10-05
Workday,bmo,Managing Director Cyber and Technology Risk RSA,"Toronto, ON, CAN",https://bmo.wd3.myworkdayjobs.com/External/job/Toronto-ON-CAN/Managing-Director-Cyber-and-Technology-Risk-RSA_R260023165,"CISSP, CCSP",2026-10-05
Workday,leidos,Security Operations Center (SOC) Analyst,"Shiloh, IL",https://leidos.wd5.myworkdayjobs.com/External/job/Shiloh-IL/Security-Operations-Center--SOC--Analyst_R-00192624-1,"CompTIA Security+, CEH, CompTIA CySA+, GIAC GSEC, GIAC GCIA, SSCP",2026-10-05
Workday,bmo,Principal Cloud Security Engineer,"Toronto, ON, CAN",https://bmo.wd3.myworkdayjobs.com/External/job/Toronto-ON-CAN/Senior-Cloud-Security-Engineer_R260009025,"CISSP, CCSP, CCSK, AWS Certified Security, Azure Security Engineer (AZ-500)",2026-10-05
Workday,leidos,Tier 3 Cyber Threat Intelligence Analyst,10160 Washington DC,https://leidos.wd5.myworkdayjobs.com/External/job/10160-Washington-DC/Tier-3-Cyber-Threat-Intelligence-Analyst_R-00191743,"CISSP, CISA, CCSP, GIAC GCIH, CompTIA CASP+ / SecurityX",2026-10-05
Workday,bmo,Principal Cloud Security Engineer,"Chicago, IL, USA",https://bmo.wd3.myworkdayjobs.com/External/job/Chicago-IL-USA/Senior-Cloud-Security-Engineer_R260012882,"CISSP, CCSP, CCSK, AWS Certified Security, Azure Security Engineer (AZ-500)",2026-10-05
Workday,leidos,Security Architect,"Brussels, Belgium",https://leidos.wd5.myworkdayjobs.com/External/job/Brussels-Belgium/Security-Architect_R-00182325,"CISSP, CompTIA Security+, CCSP",2026-10-05
Workday,leidos,Data Security Engineer,"Adelphi, MD",https://leidos.wd5.myworkdayjobs.com/External/job/Adelphi-MD/Data-Security-Engineer_R-00189506-1,,2026-10-05
Workday,mastercard,"Lead Software Engineer - Java, Spring, Springboot, Kafka, Cryptography, Session Key Derivation,  HSM","Pune, India",https://mastercard.wd1.myworkdayjobs.com/CorporateCareers/job/Pune-India/Lead-Software-Engineer---Java--Spring--Springboot--Kafka--Cryptography--Session-Key-Derivation---HSM_R-281270,,2026-10-05
Workday,leidos,Security Architect,"Reston, VA",https://leidos.wd5.myworkdayjobs.com/External/job/Reston-VA/Security-Architect_R-00189037,"CISSP, CompTIA CASP+ / SecurityX",2026-10-05
Workday,leidos,Cyber Analyst,"Lawton, OK",https://leidos.wd5.myworkdayjobs.com/External/job/Lawton-OK/Cyber-Analyst_R-00189031,GIAC (other),2026-10-05
Workday,leidos,SOC Analyst,"Alexandria, VA",https://leidos.wd5.myworkdayjobs.com/External/job/Alexandria-VA/SOC-Analyst_R-00193557,"CompTIA Security+, CEH, CompTIA CySA+, GIAC GSEC, GIAC GCIA, SSCP",2026-10-05
Workday,leidos,Defensive Cybersecurity Analyst,"Whitehall, OH",https://leidos.wd5.myworkdayjobs.com/External/job/Whitehall-OH/Defensive-Cybersecurity-Analyst_R-00190956,"CompTIA Security+, CEH, CompTIA CySA+, GIAC GSEC, GIAC GCIA, SSCP",2026-10-05
Workday,leidos,Cloud Security Engineer,"Melbourne, Victoria, Australia",https://leidos.wd5.myworkdayjobs.com/External/job/Melbourne-Victoria-Australia/Cloud-Security-Engineer_R-00193481,"CISSP, CCSP, AWS Certified Security, Azure Security Engineer (AZ-500)",2026-10-05
Workday,nvidia,Senior Security Architect,"Israel, Tel Aviv",https://nvidia.wd5.myworkdayjobs.com/NVIDIAExternalCareerSite/job/Israel-Tel-Aviv/Senior-Security-Architect_JR2018353,,2026-10-05
Workday,leidos,SOC Analyst,"Canberra, Australian Capital Territory, Australia",https://leidos.wd5.myworkdayjobs.com/External/job/Canberra-Australian-Capital-Territory-Australia/SOC-Analyst_R-00192794,,2026-10-05
Workday,leidos,Security Architect,"Bethesda, MD",https://leidos.wd5.myworkdayjobs.com/External/job/Bethesda-MD/Security-Architect_R-00186023,"CISSP, CompTIA CASP+ / SecurityX",2026-10-05
Workday,leidos,Vulnerability Analyst,"Arlington, VA",https://leidos.wd5.myworkdayjobs.com/External/job/Arlington-VA/Vulnerability-Analyst_R-00192830,"CompTIA Security+, CISA",2026-10-05
Workday,leidos,Cyber-Fusion Analyst,"Shiloh, IL",https://leidos.wd5.myworkdayjobs.com/External/job/Shiloh-IL/Cyber-Fusion-Analyst_R-00193391,"CISSP, CompTIA Security+, GIAC GCIA, GIAC (other)",2026-10-05
Workday,leidos,Defensive Cybersecurity Analyst,"Shiloh, IL",https://leidos.wd5.myworkdayjobs.com/External/job/Shiloh-IL/Defensive-Cybersecurity-Analyst_R-00190957,"CompTIA Security+, CEH, CompTIA CySA+, GIAC GSEC, GIAC GCIA, SSCP",2026-10-05
Workday,leidos,Sr. RMF Security Engineer,"San Diego, CA",https://leidos.wd5.myworkdayjobs.com/External/job/San-Diego-CA/Sr-RMF-Security-Engineer_R-00187599-1,CISSP,2026-10-05
Workday,leidos,Cyber Intel Analyst,"Washington, DC",https://leidos.wd5.myworkdayjobs.com/External/job/Washington-DC/Cyber-Intel-Analyst_R-00192271,"CISSP, CompTIA Security+, CISA, CEH, CompTIA CySA+, GIAC GSEC, GIAC GCIH, GIAC GCIA, CompTIA CASP+ / SecurityX, SSCP",2026-10-05
Workday,leidos,Cybersecurity Training Analyst,"Odenton, MD",https://leidos.wd5.myworkdayjobs.com/External/job/Odenton-MD/Cybersecurity-Training-Analyst_R-00191084,"CompTIA CySA+, GIAC GSEC, SSCP",2026-10-05
Workday,leidos,Cyber Security GRC Consultant,"Canberra, Australian Capital Territory, Australia",https://leidos.wd5.myworkdayjobs.com/External/job/Canberra-Australian-Capital-Territory-Australia/Cyber-Security-GRC-Consultant_R-00177651,,2026-10-05
Workday,leidos,Junior Cyber Analyst,"Fort Meade, MD",https://leidos.wd5.myworkdayjobs.com/External/job/Fort-Meade-MD/Junior-Cyber-Analyst_R-00183704,,2026-10-05
Workday,leidos,Data-Centric Security Architect (MBSE / Sparx EA),"Brussels, Belgium",https://leidos.wd5.myworkdayjobs.com/External/job/Brussels-Belgium/Data-Centric-Security-Architect--MBSE---Sparx-EA-_R-00184253,"CISSP, CompTIA Security+, CCSP",2026-10-05
Workday,leidos,SIEM(Security Information & Event Management) Engineer,"Annapolis Junction, MD",https://leidos.wd5.myworkdayjobs.com/External/job/Annapolis-Junction-MD/SIEM-Security-Information---Event-Management--Engineer_R-00189773,"CompTIA Security+, GIAC GCIH, GIAC (other), Splunk Certified",2026-10-05
Workday,leidos,Cyber Defense Analyst,"Suitland, MD",https://leidos.wd5.myworkdayjobs.com/External/job/Suitland-MD/Cyber-Defense-Analyst_R-00193622,"CompTIA Security+, CEH, CompTIA CySA+, GIAC GSEC, GIAC GCIH, GIAC GCIA, GIAC (other), CompTIA PenTest+, Cisco CyberOps Associate",2026-10-05
Workday,leidos,Cyber Security Watch Officer,"Odenton, MD",https://leidos.wd5.myworkdayjobs.com/External/job/Odenton-MD/Cyber-Security-Watch-Officer_R-00192314,"CompTIA Security+, CEH, GIAC GSEC, GIAC (other), CompTIA PenTest+",2026-10-05
Workday,leidos,Cyber Security STIG Tester,"Odenton, MD",https://leidos.wd5.myworkdayjobs.com/External/job/Odenton-MD/Cyber-Security-STIG-Tester_R-00191998,CompTIA Security+,2026-10-05
Workday,leidos,Cyber Network Analyst,"Hampton, VA",https://leidos.wd5.myworkdayjobs.com/External/job/Hampton-VA/Cyber-Network-Analyst_R-00192363,"CompTIA Security+, CompTIA Network+",2026-10-05
Workday,leidos,Cyber Real-Time Analyst,"Pearl Harbor, HI",https://leidos.wd5.myworkdayjobs.com/External/job/Pearl-Harbor-HI/Cyber-Real-Time-Analyst_R-00189200,,2026-10-05
Workday,leidos,Cyber Security Engineer—Technical Lead,"Bethesda, MD",https://leidos.wd5.myworkdayjobs.com/External/job/Bethesda-MD/Cyber-Security-Engineer-Technical-lead_R-00179079,,2026-10-05
Workday,leidos,"Media Malware Analyst, Journeyman","Odenton, MD",https://leidos.wd5.myworkdayjobs.com/External/job/Odenton-MD/Media-Malware-Analyst--Journeyman_R-00161162,"GIAC GREM, GIAC (other)",2026-10-05
Workday,leidos,Senior Cybersecurity Architect,"Lorton, VA",https://leidos.wd5.myworkdayjobs.com/External/job/Lorton-VA/Senior-Cybersecurity-Architect_R-00188583-1,"CISSP, CISM, Azure Security Engineer (AZ-500), PMP",2026-10-05
Workday,leidos,Cyber-Fusion Analyst,"Shiloh, IL",https://leidos.wd5.myworkdayjobs.com/External/job/Shiloh-IL/Cyber-Fusion-Analyst_R-00193827,"CISSP, CompTIA Security+, GIAC GCIA, GIAC (other)",2026-10-05
Workday,leidos,Senior Incident Response Analyst,"Arlington, VA",https://leidos.wd5.myworkdayjobs.com/External/job/Arlington-VA/Senior-Incident-Response-Analyst_R-00192687,"CISSP, CISA, OSCP, GIAC GCIH, GIAC GPEN, GIAC GCIA, GIAC GREM, GIAC (other)",2026-10-05
Workday,leidos,"Media Malware Analyst, Senior","Fort Meade, MD",https://leidos.wd5.myworkdayjobs.com/External/job/Fort-Meade-MD/Media-Malware-Analyst--Senior_R-00192736,"GIAC GREM, GIAC (other)",2026-10-05
Workday,leidos,Cyber Fusion and Threats Analyst,"Odenton, MD",https://leidos.wd5.myworkdayjobs.com/External/job/Odenton-MD/Cyber-Fusion-and-Threats-Analyst_R-00190016,"CISSP, CompTIA Security+, GIAC GCIH, GIAC GCIA, GIAC (other), CompTIA CASP+ / SecurityX",2026-10-05
Workday,leidos,"Media Malware Analyst, Journeyman","Odenton, MD",https://leidos.wd5.myworkdayjobs.com/External/job/Odenton-MD/Media-Malware-Analyst--Journeyman_R-00188490,"GIAC GREM, GIAC (other)",2026-10-05
Workday,leidos,Vulnerability Analyst - Night Shift,"San Antonio, TX",https://leidos.wd5.myworkdayjobs.com/External/job/San-Antonio-TX/Vulnerability-Analyst---Night-Shift_R-00193750,"CompTIA Security+, CISA",2026-10-05
Workday,leidos,GRC Analyst - 5 months,"Canberra, Australian Capital Territory, Australia",https://leidos.wd5.myworkdayjobs.com/External/job/Canberra-Australian-Capital-Territory-Australia/GRC-Analyst---5-months_R-00187647,,2026-10-05
Workday,leidos,Cybersecurity Specialist,"Beavercreek, OH",https://leidos.wd5.myworkdayjobs.com/External/job/Beavercreek-OH/Cybersecurity-Specialist_R-00183482,"CISSP, CompTIA Security+",2026-10-05
Workday,leidos,Cybersecurity Range Engineer,"Annapolis Junction, MD",https://leidos.wd5.myworkdayjobs.com/External/job/Annapolis-Junction-MD/Cybersecurity-Range-Engineer_R-00187758,"CISSP, CompTIA Security+, CCNA",2026-10-05
Workday,leidos,Defensive Cyber Operations Analyst,"Washington, DC",https://leidos.wd5.myworkdayjobs.com/External/job/Washington-DC/Defensive-Cyber-Operations-Analyst_R-00189268,"CompTIA Security+, CISA, CEH, CompTIA CySA+, GIAC GSEC, GIAC GCIH, GIAC GCIA, GIAC (other), CompTIA CASP+ / SecurityX, SSCP",2026-10-05
Workday,leidos,Undersea Systems Vulnerability Analyst,"Suitland, MD",https://leidos.wd5.myworkdayjobs.com/External/job/Suitland-MD/Undersea-Systems-Vulnerability-Analyst_R-00192954,,2026-10-05
Workday,leidos,Junior GRC Analyst,"Canberra, Australian Capital Territory, Australia",https://leidos.wd5.myworkdayjobs.com/External/job/Canberra-Australian-Capital-Territory-Australia/Junior-GRC-Analyst_R-00193358,,2026-10-05
Workday,leidos,Mission Assurance Cyber Analyst,"Odenton, MD",https://leidos.wd5.myworkdayjobs.com/External/job/Odenton-MD/Mission-Assurance-Cyber-Analyst_R-00190532,,2026-10-05
Workday,leidos,Undersea Systems Vulnerability Engineering Analyst,"Suitland, MD",https://leidos.wd5.myworkdayjobs.com/External/job/Suitland-MD/Undersea-Systems-Vulnerability-Engineering-Analyst_R-00191684,,2026-10-05
Workday,leidos,"Media Malware Analyst, Journeyman","Fort Meade, MD",https://leidos.wd5.myworkdayjobs.com/External/job/Fort-Meade-MD/Media-Malware-Analyst--Journeyman_R-00193202,"GIAC GREM, GIAC (other)",2026-10-05
Workday,leidos,Cyber Opportunities,"Columbia, MD",https://leidos.wd5.myworkdayjobs.com/External/job/Columbia-MD/Intelligence-Sector-Employee-Referrals_R-00175586,,2026-10-05
Workday,leidos,"Cyberspace Intelligence Threat Analyst, Senior","Odenton, MD",https://leidos.wd5.myworkdayjobs.com/External/job/Odenton-MD/Cyberspace-Intelligence-Threat-Analyst--Senior_R-00188352-1,"CompTIA CySA+, GIAC GSEC, SSCP, CCNA",2026-10-05
Workday,leidos,Senior Threat Hunter,"Sierra Vista, AZ",https://leidos.wd5.myworkdayjobs.com/External/job/Sierra-Vista-AZ/Senior-Threat-Hunter_R-00190103,"CompTIA Security+, CEH, GIAC GCIH",2026-10-05
Workday,leidos,Incident Response Lead,"Washington, DC",https://leidos.wd5.myworkdayjobs.com/External/job/Washington-DC/Incident-Response-Lead_R-00190531,"CISSP, GIAC GCIH, GIAC GCIA",2026-10-05
Workday,leidos,Senior Cyber IT Infrastructure Analyst,"Fort Meade, MD",https://leidos.wd5.myworkdayjobs.com/External/job/Fort-Meade-MD/Senior-Cybersecurity-Analyst_R-00192092,"CISSP, CISM, PMP",2026-10-05
Workday,leidos,Undersea Systems Vulnerability Analyst,"Suitland, MD",https://leidos.wd5.myworkdayjobs.com/External/job/Suitland-MD/Undersea-Systems-Vulnerability-Analyst_R-00192084,,2026-10-05
Workday,leidos,Senior Cyber Planning and IT Infrastructures Analyst,"Fort Meade, MD",https://leidos.wd5.myworkdayjobs.com/External/job/Fort-Meade-MD/Senior-Cyber-Planning-and-IT-Infrastructures-Analyst_R-00191792,"CISSP, CISM, PMP",2026-10-05
Workday,leidos,Vulnerability Management Specialist,"Canberra, Australian Capital Territory, Australia",https://leidos.wd5.myworkdayjobs.com/External/job/Canberra-Australian-Capital-Territory-Australia/Vulnerability-Management-Specialist_R-00192897,,2026-10-05
Workday,leidos,Vulnerability Analysis Subject Matter Expert (SME),"Lorton, VA",https://leidos.wd5.myworkdayjobs.com/External/job/Lorton-VA/Vulnerability-Analysis-Subject-Matter-Expert--SME-_R-00192322-1,"CISSP, CISM, CISA",2026-10-05
Workday,leidos,"Offensive Cyberspace Operational Planner, Journeyman","Odenton, MD",https://leidos.wd5.myworkdayjobs.com/External/job/Odenton-MD/Offensive-Cyberspace-Operational-Planner--Journeyman_R-00192305,"CompTIA CySA+, GIAC GSEC, SSCP, CCNA",2026-10-05
Workday,leidos,Crypotologic Cyber Planner- 4,"Odenton, MD",https://leidos.wd5.myworkdayjobs.com/External/job/Odenton-MD/Crypotologic-Cyber-Planner--4_R-00191992,,2026-10-05
Workday,leidos,Senior ISSE/Penetration Tester TS/SCI Polygraph,"Annapolis Junction, MD",https://leidos.wd5.myworkdayjobs.com/External/job/Annapolis-Junction-MD/Senior-ISSE-Penetration-Tester-TS-SCI-Polygraph_R-00181988,"CISSP, CISM, CEH, GIAC GPEN, GIAC (other)",2026-10-05
Workday,leidos,"Offensive Cyberspace Operational Planner, Journeyman","Fort Meade, MD",https://leidos.wd5.myworkdayjobs.com/External/job/Fort-Meade-MD/Offensive-Cyberspace-Operational-Planner--Journeyman_R-00192888,"CompTIA CySA+, GIAC GSEC, SSCP, CCNA",2026-10-05
Workday,leidos,Senior Joint Cyberspace Fires Lead,"Odenton, MD",https://leidos.wd5.myworkdayjobs.com/External/job/Odenton-MD/Senior-Joint-Cyberspace-Fires-Lead_R-00163248,"CompTIA CySA+, GIAC GSEC, SSCP, CCNA, PMP",2026-10-05
Workday,leidos,Penetration Tester,"Huntsville, AL",https://leidos.wd5.myworkdayjobs.com/External/job/Huntsville-AL/Penetration-Tester_R-00191122,"CEH, OSCP, GIAC GSEC, GIAC GCIH, GIAC GPEN, GIAC (other)",2026-10-05
Workday,leidos,"Senior Cyberspace Operations Planner, Site Lead","Fort Meade, MD",https://leidos.wd5.myworkdayjobs.com/External/job/Fort-Meade-MD/Senior-Cyberspace-Operations-Planner--Site-Lead_R-00190610-1,"CompTIA CySA+, GIAC GSEC, SSCP, CCNA, PMP",2026-10-05
Workday,leidos,"Cyberspace Operations Planner, Junior","Fort Meade, MD",https://leidos.wd5.myworkdayjobs.com/External/job/Fort-Meade-MD/Cyberspace-Operations-Planner--Junior_R-00193841,"CompTIA CySA+, GIAC GSEC, SSCP, CCNA",2026-10-05
Workday,leidos,Cybersecurity Engineer SME,"Bethesda, MD",https://leidos.wd5.myworkdayjobs.com/External/job/Bethesda-MD/Cybersecurity-Engineer-SME_R-00180010-1,"CISSP, CompTIA Security+, CEH, CompTIA CySA+, GIAC GCIH",2026-10-05
Workday,leidos,"Cyberspace Operations Planner, Junior","Fort Meade, MD",https://leidos.wd5.myworkdayjobs.com/External/job/Fort-Meade-MD/Cyberspace-Operations-Planner--Junior_R-00193359,"CompTIA CySA+, GIAC GSEC, SSCP, CCNA",2026-10-05
Workday,leidos,"Cyberspace Operations Planner, Junior","Fort Meade, MD",https://leidos.wd5.myworkdayjobs.com/External/job/Fort-Meade-MD/Cyberspace-Operations-Planner--Junior_R-00193601,"CompTIA CySA+, GIAC GSEC, SSCP, CCNA",2026-10-05
Workday,leidos,Cyber Range Network Engineer,"Annapolis Junction, MD",https://leidos.wd5.myworkdayjobs.com/External/job/Annapolis-Junction-MD/Cyber-Range-Engineer_R-00180647,"CISSP, CCNA",2026-10-05
Workday,leidos,"Cyberspace Operations Planner, Junior","Fort Meade, MD",https://leidos.wd5.myworkdayjobs.com/External/job/Fort-Meade-MD/Cyberspace-Operations-Planner--Junior_R-00193122,"CompTIA CySA+, GIAC GSEC, SSCP, CCNA",2026-10-05
Workday,leidos,Senior Cybersecurity AI Developer,"Laurel, MD",https://leidos.wd5.myworkdayjobs.com/External/job/Laurel-MD/Senior-Cybersecurity-AI-Developer_R-00190488-1,,2026-10-05
Workday,leidos,Mid-Level DevSecOps Engineer,"Gaithersburg, MD",https://leidos.wd5.myworkdayjobs.com/External/job/Gaithersburg-MD/Mid-Level-DevSecOps-Engineer_R-00190905,"CompTIA Security+, GIAC (other)",2026-10-05
Workday,leidos,"Cyberspace Operations Planner, Journeyman","Odenton, MD",https://leidos.wd5.myworkdayjobs.com/External/job/Odenton-MD/Cyberspace-Operations-Planner--Journeyman_R-00186978,"CompTIA CySA+, GIAC GSEC, SSCP, CCNA",2026-10-05
Workday,leidos,"Cyberspace Operations Planner, Senior","Fort Meade, MD",https://leidos.wd5.myworkdayjobs.com/External/job/Fort-Meade-MD/Cyberspace-Operations-Planner--Senior_R-00193166,"CompTIA CySA+, GIAC GSEC, SSCP, CCNA",2026-10-05
Workday,leidos,"Cyberspace Operations Planner, Junior","Odenton, MD",https://leidos.wd5.myworkdayjobs.com/External/job/Odenton-MD/Cyberspace-Operations-Planner--Junior_R-00184942,"CompTIA CySA+, GIAC GSEC, SSCP, CCNA",2026-10-05
Workday,leidos,"Cyberspace Operations Planner, Journeyman","Odenton, MD",https://leidos.wd5.myworkdayjobs.com/External/job/Odenton-MD/Cyberspace-Operations-Planner--Journeyman_R-00187884,"CompTIA CySA+, GIAC GSEC, SSCP, CCNA",2026-10-05
Workday,leidos,Information Systems Security Engineer,"Linthicum, MD",https://leidos.wd5.myworkdayjobs.com/External/job/Linthicum-MD/Information-Systems-Security-Engineer_R-00186297-1,"CISSP, CompTIA CASP+ / SecurityX",2026-10-05
Workday,leidos,"Cyberspace Operations Planner, Senior","Fort Meade, MD",https://leidos.wd5.myworkdayjobs.com/External/job/Fort-Meade-MD/Cyberspace-Operations-Planner--Senior_R-00193334,"CompTIA CySA+, GIAC GSEC, SSCP, CCNA",2026-10-05
Workday,leidos,Cybersecurity Product Engineer,"Lawton, OK",https://leidos.wd5.myworkdayjobs.com/External/job/Lawton-OK/Cybersecurity-Product-Engineer_R-00189047,,2026-10-05
Workday,leidos,Principal Information Systems Security Engineer,"Linthicum, MD",https://leidos.wd5.myworkdayjobs.com/External/job/Linthicum-MD/Principal-Information-Systems-Security-Engineer_R-00186304,CISSP,2026-10-05
Workday,leidos,Information System Security Engineer (ISSE)​,"Bay Saint Louis, MS",https://leidos.wd5.myworkdayjobs.com/External/job/Bay-Saint-Louis-MS/Information-System-Security-Engineer--ISSE--_R-00188831,"CISSP, CompTIA Security+, CISM",2026-10-05
Workday,leidos,Cybersecurity Product Engineer,"Lawton, OK",https://leidos.wd5.myworkdayjobs.com/External/job/Lawton-OK/Cybersecurity-Product-Engineer_R-00189050,,2026-10-05
Workday,leidos,Junior Security Engineer,"Bethesda, MD",https://leidos.wd5.myworkdayjobs.com/External/job/Bethesda-MD/Junior-Security-Engineer_R-00192204,"CISSP, CompTIA Security+, GIAC GSEC, CompTIA CASP+ / SecurityX, SSCP, CCNA",2026-10-05
Workday,leidos,Senior Security Engineer,"Bethesda, MD",https://leidos.wd5.myworkdayjobs.com/External/job/Bethesda-MD/Senior-Security-Engineer_R-00192202,"CISSP, CompTIA Security+, GIAC GSEC, CompTIA CASP+ / SecurityX, SSCP, CCNA",2026-10-05
Workday,leidos,Information Systems Security Engineer (ISSE),"Mountain View, CA",https://leidos.wd5.myworkdayjobs.com/External/job/Mountain-View-CA/Information-Systems-Security-Engineer--ISSE-_R-00192961-1,,2026-10-05
Workday,leidos,Senior Cyber Security GRC Consultant,"Canberra, Australian Capital Territory, Australia",https://leidos.wd5.myworkdayjobs.com/External/job/Canberra-Australian-Capital-Territory-Australia/Senior-Cyber-Security-GRC-Consultant_R-00193482,,2026-10-05
Workday,leidos,Vice President / Division Manager - Cyber,"Columbia, MD",https://leidos.wd5.myworkdayjobs.com/External/job/Columbia-MD/Vice-President---Division-Manager---Cyber_R-00189453,,2026-10-05
Workday,leidos,Senior Information Systems Security Engineer,9479 Undisclosed MD Customer Site,https://leidos.wd5.myworkdayjobs.com/External/job/9479-Undisclosed-MD-Customer-Site/Senior-Information-Systems-Security-Engineer_R-00190718,"CISSP, CompTIA CASP+ / SecurityX",2026-10-05
Workday,leidos,Senior Security Engineer,"Canberra, Australian Capital Territory, Australia",https://leidos.wd5.myworkdayjobs.com/External/job/Canberra-Australian-Capital-Territory-Australia/Senior-Security-Engineer_R-00183997,,2026-10-05
Workday,leidos,Principal Cybersecurity Systems Engineer,"Linthicum Heights, MD",https://leidos.wd5.myworkdayjobs.com/External/job/Linthicum-Heights-MD/Principal-Cybersecurity-Systems-Engineer_R-00187412,,2026-10-05
Workday,leidos,DevSecOps Security Engineer,"Gaithersburg, MD",https://leidos.wd5.myworkdayjobs.com/External/job/Gaithersburg-MD/DevSecOps-Security-Engineer_R-00192802,"CompTIA Security+, CompTIA CySA+",2026-10-05
Workday,leidos,Cyber Security Engineer,"Huntingdon, UK",https://leidos.wd5.myworkdayjobs.com/External/job/Huntingdon-UK/Cyber-Security-Engineer_R-00193152,,2026-10-05
Workday,leidos,Cyber Security Engineer,"Farnborough, Hampshire, UK",https://leidos.wd5.myworkdayjobs.com/External/job/Farnborough-Hampshire-UK/Cyber-Security-Engineer_R-00192149,,2026-10-05
Workday,leidos,ICAM Security Engineer,"Gaithersburg, MD",https://leidos.wd5.myworkdayjobs.com/External/job/Gaithersburg-MD/ICAM-Security-Engineer_R-00192748,"CompTIA Security+, CompTIA CySA+",2026-10-05
Workday,leidos,Application Security Engineer,"Ashburn, VA",https://leidos.wd5.myworkdayjobs.com/External/job/Ashburn-VA/Application-Security-Engineer_R-00187113,,2026-10-05
Workday,leidos,Cloud Security Engineer,"Seaside, CA",https://leidos.wd5.myworkdayjobs.com/External/job/Seaside-CA/Cloud-Security-Engineer_R-00182521,"CISSP, CEH, CCSP, CompTIA CASP+ / SecurityX",2026-10-05
Workday,leidos,Cyber Security Training Coordinator,"Odenton, MD",https://leidos.wd5.myworkdayjobs.com/External/job/Odenton-MD/Cyber-Security-Training-Coordinator_R-00191825-1,,2026-10-05
Workday,leidos,Staff Cyber Security Engineer,"Bethesda, MD",https://leidos.wd5.myworkdayjobs.com/External/job/Bethesda-MD/Staff-Cyber-Security-Engineer_R-00193490,"CISSP, CompTIA Security+, CISM, CompTIA CySA+, CCSP, CompTIA CASP+ / SecurityX, CCNA, AWS Certified Security",2026-10-05
Workday,leidos,Cyber Transformation Liaison,"Odenton, MD",https://leidos.wd5.myworkdayjobs.com/External/job/Odenton-MD/Cyber-Transformation-Liaison_R-00193019,"CISSP, CISM, GIAC GCIH, GIAC GCIA, GIAC (other), CompTIA CASP+ / SecurityX",2026-10-05
Workday,leidos,Network Security Tools Engineer,"Suitland, MD",https://leidos.wd5.myworkdayjobs.com/External/job/Suitland-MD/Network-Security-Tools-Engineer_R-00193712,"CISSP, CompTIA CASP+ / SecurityX",2026-10-05
Workday,leidos,Principal Cyber Security Architect,"Gaithersburg, MD",https://leidos.wd5.myworkdayjobs.com/External/job/Gaithersburg-MD/Cyber-Security-Architect_R-00189873,"CISSP, CISM",2026-10-05
Workday,leidos,Cyber Security Watch Officer,"Washington, DC",https://leidos.wd5.myworkdayjobs.com/External/job/Washington-DC/Cyber-Security-Watch-Officer_R-00192868,CompTIA Security+,2026-10-05
Workday,leidos,Cyber Infrastructure Support Lead,"Concord, MA",https://leidos.wd5.myworkdayjobs.com/External/job/Concord-MA/Cyber-Infrastructure-Support-Lead_R-00188232,"CISSP, CCSP, GIAC (other), CCNA",2026-10-05
Workday,leidos,Principal Cybersecurity Engineer,"Adelphi, MD",https://leidos.wd5.myworkdayjobs.com/External/job/Adelphi-MD/Principal-Cybersecurity-Engineer_R-00190587,"CISSP, CISM",2026-10-05
Workday,leidos,Cyber Security Training Manager,"Odenton, MD",https://leidos.wd5.myworkdayjobs.com/External/job/Odenton-MD/Cyber-Security-Training-Manager_R-00191838,"GIAC GCIH, GIAC GCIA, GIAC (other), CompTIA CASP+ / SecurityX",2026-10-05
Workday,leidos,Cyber Infrastructure Support,"California, MD",https://leidos.wd5.myworkdayjobs.com/External/job/California-MD/Cyber-Infrastructure-Support_R-00190026,"CISSP, CCSP, GIAC (other), CCNA",2026-10-05
Workday,leidos,Systems Administrator - Vulnerability Mitigation,"Chantilly, VA",https://leidos.wd5.myworkdayjobs.com/External/job/Chantilly-VA/Systems-Administrator---Vulnerability-Mitigation_R-00184764-1,,2026-10-05
Workday,leidos,Principal IAM-Zero Trust Solutions Architect,"Odenton, MD",https://leidos.wd5.myworkdayjobs.com/External/job/Odenton-MD/Principal-IAM-Zero-Trust-Solutions-Architect_R-00193160,CompTIA Security+,2026-10-05
Workday,leidos,Principal IAM-Zero Trust Solutions Architect,"Odenton, MD",https://leidos.wd5.myworkdayjobs.com/External/job/Odenton-MD/Principal-IAM-Zero-Trust-Solutions-Architect_R-00193593,CompTIA Security+,2026-10-05
Workday,leidos,Lead Cyber Security Trainer,"Odenton, MD",https://leidos.wd5.myworkdayjobs.com/External/job/Odenton-MD/Lead-Cyber-Security-Trainer_R-00191840,"CompTIA Security+, GIAC GCIH, GIAC GCIA, GIAC (other), CompTIA CASP+ / SecurityX",2026-10-05
Workday,leidos,"Cyberspace Intelligence Threat Analyst, Journeyman","Fort Meade, MD",https://leidos.wd5.myworkdayjobs.com/External/job/Fort-Meade-MD/Cyberspace-Intelligence-Threat-Analyst--Journeyman_R-00193195,"CompTIA CySA+, GIAC GSEC, SSCP, CCNA",2026-10-05
Workday,leidos,Cybersecurity Project Manager,"Adelphi, MD",https://leidos.wd5.myworkdayjobs.com/External/job/Adelphi-MD/Cybersecurity-Project-Manager_R-00190589-1,"CISSP, CEH, GIAC GCIH, PMP",2026-10-05
Workday,leidos,Cybersecurity Engineer Co-op,"Bethesda, MD",https://leidos.wd5.myworkdayjobs.com/External/job/Bethesda-MD/Cybersecurity-Engineer-Co-op_R-00190764,,2026-10-05
Workday,mastercard,"Product Specialist, Payment Threat Intelligence","Toronto, Canada",https://mastercard.wd1.myworkdayjobs.com/CorporateCareers/job/Toronto-Canada/Product-Specialist--Payment-Threat-Intelligence_R-291386,,2026-10-05
Workday,leidos,Cybersecurity Systems Engineer,"Linthicum Heights, MD",https://leidos.wd5.myworkdayjobs.com/External/job/Linthicum-Heights-MD/Cybersecurity-Systems-Engineer_R-00177039,,2026-10-05
Workday,leidos,Cyber Joint Operational Planner,"Stuttgart, Germany",https://leidos.wd5.myworkdayjobs.com/External/job/Stuttgart-Germany/Cyber-Joint-Operational-Planner_R-00189334,PMP,2026-10-05
Workday,leidos,DevSecOps Engineer,"Huntsville, AL",https://leidos.wd5.myworkdayjobs.com/External/job/Huntsville-AL/DevSecOps-Engineer_R-00193097,,2026-10-05
Workday,leidos,Cyber Defense Engineer,"Suitland, MD",https://leidos.wd5.myworkdayjobs.com/External/job/Suitland-MD/Cyber-Defense-Infrastructure-Support-Engineer_R-00190143,CompTIA CASP+ / SecurityX,2026-10-05
Workday,leidos,Lead DevSecOps Engineer,"Eagan, MN",https://leidos.wd5.myworkdayjobs.com/External/job/Eagan-MN/Lead-DevSecOps-Engineer_R-00188955,,2026-10-05
Workday,leidos,Principal Digital Forensics Examiner,"Bethesda, MD",https://leidos.wd5.myworkdayjobs.com/External/job/Bethesda-MD/Principal-Digital-Forensics-Examiner_R-00193388,GIAC (other),2026-10-05
Workday,leidos,Cyber Intelligence Fusion Analyst,"Alexandria, VA",https://leidos.wd5.myworkdayjobs.com/External/job/Alexandria-VA/Cyber-Intelligence-Fusion-Analyst_R-00191281,"CISSP, CEH, CompTIA CySA+, GIAC GCIH, GIAC GCIA, GIAC (other), CompTIA CASP+ / SecurityX",2026-10-05
Workday,leidos,Lead Identity and Access Management (ICAM) Engineer,"Rockville, MD",https://leidos.wd5.myworkdayjobs.com/External/job/Rockville-MD/Lead-Identity-and-Access-Management--ICAM--Engineer_R-00188825,"CompTIA Security+, Microsoft SC-300 (Identity & Access Administrator)",2026-10-05
Workday,leidos,Senior DevSecOps Engineer,"Eagan, MN",https://leidos.wd5.myworkdayjobs.com/External/job/Eagan-MN/Senior-DevSecOps-Engineer_R-00188964,,2026-10-05
Workday,leidos,Cyber-Physical Systems Reverse Engineer,"Chantilly, VA",https://leidos.wd5.myworkdayjobs.com/External/job/Chantilly-VA/Cyber-Physical-Systems-Reverse-Engineer_R-00191639,,2026-10-05
Workday,leidos,Senior DevSecOps Engineer,6314 Remote/Teleworker US,https://leidos.wd5.myworkdayjobs.com/External/job/6314-RemoteTeleworker-US/Senior-DevSecOps-Engineer_R-00193848,,2026-10-05
Workday,leidos,Cyber Security Engineer,"Farnborough, Hampshire, UK",https://leidos.wd5.myworkdayjobs.com/External/job/Farnborough-Hampshire-UK/Cyber-Security-Engineer_R-00187293,,2026-10-05
Workday,leidos,IAM Engineer,"Canberra, Australian Capital Territory, Australia",https://leidos.wd5.myworkdayjobs.com/External/job/Canberra-Australian-Capital-Territory-Australia/IAM-Engineer_R-00184542-1,,2026-10-05
Workday,leidos,Cyber Engineer,"Dayton, OH",https://leidos.wd5.myworkdayjobs.com/External/job/Dayton-OH/Cyber-Engineer_R-00192461,"CISSP, CompTIA Security+",2026-10-05
Workday,caci,Staff Infrastructure/DevSecOps Engineer,"Aurora, CO, US",https://caci.wd1.myworkdayjobs.com/External/job/Aurora-CO-US/Staff-Infrastructure-DevSecOps-Engineer_332519-1,"CISSP, CompTIA Security+, CompTIA CASP+ / SecurityX",2026-10-05
Workday,leidos,​​Senior DevSecOps Engineer​,"Alexandria, VA",https://leidos.wd5.myworkdayjobs.com/External/job/Alexandria-VA/XMLNAME---Senior-DevSecOps-Engineer-_R-00192939,,2026-10-05
Workday,caci,Senior DevSecOps Engineer,"Aurora, CO, US",https://caci.wd1.myworkdayjobs.com/External/job/Aurora-CO-US/Senior-Infrastructure-DevSecOps-Engineer_327893,"CISSP, CompTIA Security+, CompTIA CASP+ / SecurityX",2026-10-05
Greenhouse,discord,Senior Platform Security Engineer ,San Francisco Bay Area ,https://job-boards.greenhouse.io/discord/jobs/8769799002,,2026-10-05
Workday,paypal,Sr. Staff Product Security Engineer- AI,"Chicago, Illinois, United States of America",https://wd1.myworkdaysite.com/recruiting/paypal/jobs/job/Chicago-Illinois-United-States-of-America/Sr-Staff-Cybersecurity-Engineer_R0137317-1,,2026-10-05
Workday,paypal,Senior Product Security Engineer,"Austin, Texas, United States of America",https://wd1.myworkdaysite.com/recruiting/paypal/jobs/job/Austin-Texas-United-States-of-America/Sr-Cybersecurity-Engineer_R0137313-1,,2026-10-05
Workday,paypal,UK Cyber Security & Risk Senior Manager,"London, County London, England, United Kingdom",https://wd1.myworkdaysite.com/recruiting/paypal/jobs/job/London-County-London-England-United-Kingdom/UK-Cyber-Security---Risk-Senior-Manager_R0136276-1,,2026-10-05
Greenhouse,discord,"Senior Software Engineer, Application Security",Remote (West Coast) ,https://job-boards.greenhouse.io/discord/jobs/8656854002,,2026-10-05
Greenhouse,pinterest,"Sr. Security Software Engineer, Security Operations   ","San Francisco, CA, US; Remote, US",https://www.pinterestcareers.com/jobs/?gh_jid=8230778,,2026-10-05
Greenhouse,asana,"Security Engineer, Threat Response",Warsaw,https://www.asana.com/jobs/apply/7964484?gh_jid=7964484,,2026-10-05
Greenhouse,asana,Staff Detection Engineer,Warsaw,https://www.asana.com/jobs/apply/7350641?gh_jid=7350641,,2026-10-05
Greenhouse,figma,"Manager, Security Operations","San Francisco, CA • New York, NY • United States",https://boards.greenhouse.io/figma/jobs/6015609004?gh_jid=6015609004,,2026-10-05
Greenhouse,lyft,Security Analyst,"Mexico City, Mexico",https://app.careerpuck.com/job-board/lyft/job/8860555002?gh_jid=8860555002,,2026-10-05
Greenhouse,figma,Security Engineer,"San Francisco, CA • New York, NY • United States",https://boards.greenhouse.io/figma/jobs/5829751004?gh_jid=5829751004,,2026-10-05
Greenhouse,figma,"Strategic Program Manager, Information Security","San Francisco, CA • New York, NY • United States",https://boards.greenhouse.io/figma/jobs/6144522004?gh_jid=6144522004,"CISSP, CISM, CISA, CRISC",2026-10-05
Greenhouse,lyft,"Sr. Security Engineer, Corporate Security","Mexico City, Mexico",https://app.careerpuck.com/job-board/lyft/job/8421525002?gh_jid=8421525002,,2026-10-05
Greenhouse,mongodb,"Senior Software Engineer, Product Security","Dublin, Ireland",https://www.mongodb.com/careers/job/?gh_jid=8241351,,2026-10-05
Greenhouse,mongodb,Enterprise Account Executive (Cyber),Tel Aviv,https://www.mongodb.com/careers/job/?gh_jid=7628750,,2026-10-05
Greenhouse,twitch,Security Incident Response Engineer,"San Francisco, CA",https://job-boards.greenhouse.io/twitch/jobs/8812415002,,2026-10-05
Greenhouse,twitch,Security Incident Response Engineer,"Seattle, WA",https://job-boards.greenhouse.io/twitch/jobs/8812422002,,2026-10-05
Greenhouse,twitch,Security Incident Response Engineer,"Irvine, CA",https://job-boards.greenhouse.io/twitch/jobs/8812423002,,2026-10-05
Greenhouse,twilio,"Security Engineer, Incident Response",Remote - United Kingdom,https://job-boards.greenhouse.io/twilio/jobs/8055481,,2026-10-05
Greenhouse,twilio,Global Security Operations Center Operator,Remote - US,https://job-boards.greenhouse.io/twilio/jobs/7808464,,2026-10-05
Greenhouse,twilio,"Security Engineer, Incident Response",Remote - Ireland,https://job-boards.greenhouse.io/twilio/jobs/8023560,,2026-10-05
Greenhouse,twilio,"Senior Security Engineer, Incident Response",Remote - US,https://job-boards.greenhouse.io/twilio/jobs/8065040,,2026-10-05
Greenhouse,reddit,"Backend Engineer, IAM",Remote - United States,https://job-boards.greenhouse.io/reddit/jobs/8189317,,2026-10-05
Greenhouse,reddit,"Senior Backend Engineer, IAM",Remote - United States,https://job-boards.greenhouse.io/reddit/jobs/8044767,,2026-10-05
Greenhouse,twilio,"Staff Security Engineer, Threat Hunting",Remote - US,https://job-boards.greenhouse.io/twilio/jobs/8157344,,2026-10-05
Greenhouse,reddit,Staff Product Security Engineer,Remote - United States,https://job-boards.greenhouse.io/reddit/jobs/7868511,,2026-10-05
Greenhouse,chime,"Manager, Product Security","San Francisco, CA, USA",https://boards.greenhouse.io/chime/jobs/8526680002?gh_jid=8526680002,,2026-10-05
Greenhouse,chime,Senior Application Security Engineer,"San Francisco, CA, USA",https://boards.greenhouse.io/chime/jobs/8575541002?gh_jid=8575541002,,2026-10-05
Greenhouse,affirm,Product Security Engineer II,Remote Canada,https://job-boards.greenhouse.io/affirm/jobs/7796530003,,2026-10-05
Greenhouse,affirm,"Staff Security Engineer, Enterprise AI",Remote Canada,https://job-boards.greenhouse.io/affirm/jobs/7994555003,,2026-10-05
Greenhouse,instacart,Senior Detection Engineer II,"Canada - Remote (ON, AB, BC, or NS Only)",https://instacart.careers/job/?gh_jid=8154308,"OSCP, GIAC GCIA, GIAC GREM, GIAC (other)",2026-10-05
Greenhouse,affirm,"Staff Security Engineer, Enterprise AI",Remote US,https://job-boards.greenhouse.io/affirm/jobs/7994553003,,2026-10-05
Greenhouse,instacart,Senior Product Security Engineer II,United States - Remote,https://instacart.careers/job/?gh_jid=8017071,,2026-10-05
Greenhouse,instacart,Senior Detection Engineer II,United States - Remote,https://instacart.careers/job/?gh_jid=8154300,"OSCP, GIAC GCIA, GIAC GREM, GIAC (other)",2026-10-05
Greenhouse,instacart,Senior Product Security Engineer II,"Canada - Remote (ON, AB, BC, or NS Only)",https://instacart.careers/job/?gh_jid=8017073,,2026-10-05
Greenhouse,faire,Senior Enterprise Security Engineer,"San Francisco, CA",https://boards.greenhouse.io/faire/jobs/8659413002?gh_jid=8659413002,,2026-10-05
Greenhouse,faire,Senior Security Engineer - Application Security,"Kitchener-Waterloo, ON; Toronto, ON",https://boards.greenhouse.io/faire/jobs/8752429002?gh_jid=8752429002,,2026-10-05
Greenhouse,faire,Senior Security Engineer - Enterprise AI,"San Francisco, CA",https://boards.greenhouse.io/faire/jobs/8536687002?gh_jid=8536687002,,2026-10-05
Greenhouse,brex,Senior Security Operations Engineer ,"Vancouver, British Columbia, Canada",https://www.brex.com/careers/8339287002?gh_jid=8339287002,,2026-10-05
Greenhouse,faire,Staff Security Engineer - Bot & Traffic Defence,"Kitchener-Waterloo, ON; Toronto, ON",https://boards.greenhouse.io/faire/jobs/8857042002?gh_jid=8857042002,,2026-10-05
Greenhouse,brex,Senior Security Operations Engineer ,"Seattle, Washington, United States",https://www.brex.com/careers/8339283002?gh_jid=8339283002,,2026-10-05
Greenhouse,brex,Senior Security Operations Engineer ,"New York, New York, United States",https://www.brex.com/careers/8339277002?gh_jid=8339277002,,2026-10-05
Greenhouse,brex,"Software Engineer II, Identity and Access Management","São Paulo, São Paulo, Brazil",https://www.brex.com/careers/8860822002?gh_jid=8860822002,,2026-10-05
Greenhouse,brex,Senior Security Operations Engineer ,"San Francisco, California, United States",https://www.brex.com/careers/8339252002?gh_jid=8339252002,,2026-10-05
Greenhouse,brex,Staff Application Security Engineer,United States,https://www.brex.com/careers/8584366002?gh_jid=8584366002,,2026-10-05
Greenhouse,toast,"Senior Software Engineer, IAM","Dublin, Ireland",https://careers.toasttab.com/jobs?gh_jid=8099127,,2026-10-05
Greenhouse,toast,Senior Corporate Security Engineer,"Bengaluru, Karnataka, India",https://careers.toasttab.com/jobs?gh_jid=8194619,"CISSP, CompTIA Security+, CISM, CCSP, CompTIA Network+",2026-10-05
Greenhouse,betterment,"Security Engineer, Detect & Respond ",Betterment HQ - New York City,https://www.betterment.com/careers/current-openings/job?gh_jid=8211928&gh_jid=8211928,,2026-10-05
Greenhouse,riotgames,Cloud Infrastructure and Security Engineer (Contract),"Shanghai, China",https://www.riotgames.com/en/work-with-us/job/8055923?gh_jid=8055923,,2026-10-05
Greenhouse,betterment,"Sr. Engineering Manager, Application Security",Betterment HQ - New York City,https://www.betterment.com/careers/current-openings/job?gh_jid=8000757&gh_jid=8000757,,2026-10-05
Greenhouse,sofi,Offensive Security Lead,CA - San Francisco; WA - Seattle; NY - New York City; UT - Cottonwood Heights; TX - Frisco; MT - Helena,https://sofi.com/careers/job/7985585003?gh_jid=7985585003,"OSCP, GIAC GPEN, GIAC (other), OSEP",2026-10-05
Greenhouse,betterment,Sr. Information Security Analyst,Betterment HQ - New York City,https://www.betterment.com/careers/current-openings/job?gh_jid=8224106&gh_jid=8224106,"CISSP, CISM, CISA",2026-10-05
Greenhouse,sofi,Senior Vulnerability Management Engineer,WA - Seattle; CA - San Francisco,https://sofi.com/careers/job/7986999003?gh_jid=7986999003,CISA,2026-10-05
Greenhouse,sofi,"Staff Security Detection Engineer, Machine Learning",WA - Seattle; CA - San Francisco ,https://sofi.com/careers/job/7818418003?gh_jid=7818418003,,2026-10-05
Greenhouse,sofi,Vulnerability Management Engineer,CA - San Francisco,https://sofi.com/careers/job/7987003003?gh_jid=7987003003,,2026-10-05
Greenhouse,squarespace,Security Engineer - Incident Response,Dublin,http://www.squarespace.com/about/careers?gh_jid=8013777,OSCP,2026-10-05
Greenhouse,squarespace,GRC Analyst ,New York City,http://www.squarespace.com/about/careers?gh_jid=8223803,,2026-10-05
Greenhouse,zscaler,Insider Risk Security Engineer,Remote - USA,https://job-boards.greenhouse.io/zscaler/jobs/5208421007,GIAC (other),2026-10-05
Greenhouse,zscaler,Senior Detection Engineer,"Pune, IND",https://job-boards.greenhouse.io/zscaler/jobs/5200408007,,2026-10-05
Greenhouse,zscaler,"Manager, MDR & Threat Hunting","Bellevue, Washington, USA; Remote - USA; San Jose, California, USA; Santa Clara, California, USA; USA - Update Location",https://job-boards.greenhouse.io/zscaler/jobs/5249895007,"GIAC GCIH, GIAC (other)",2026-10-05
Greenhouse,zscaler,Principal Vulnerability Management Engineer,"Bangalore, IND",https://job-boards.greenhouse.io/zscaler/jobs/5014895007,,2026-10-05
Greenhouse,zscaler,Senior Information Security Engineer,Remote - USA,https://job-boards.greenhouse.io/zscaler/jobs/5235296007,,2026-10-05
Greenhouse,gemini,Senior Platform Security Engineer,"New York, New York; Miami, Florida; Remote (USA)",https://boards.greenhouse.io/embed/job_app?for=gemini&token=7905052&gh_jid=7905052,,2026-10-05
Greenhouse,gemini,Staff Platform Security Engineer,"New York, New York; Miami, Florida; Remote (USA)",https://boards.greenhouse.io/embed/job_app?for=gemini&token=7905050&gh_jid=7905050,,2026-10-05
Greenhouse,gemini,"Staff Security Engineer, Threat Detection & Response","New York, New York; Miami, Florida; Remote (USA)",https://boards.greenhouse.io/embed/job_app?for=gemini&token=8142658&gh_jid=8142658,,2026-10-05
Greenhouse,flexport,Product Security Engineer II,"Amsterdam, Netherlands",https://job-boards.greenhouse.io/flexport/jobs/7921061,,2026-10-05
Greenhouse,flexport,"Security Engineer, Corporate Security",United States,https://job-boards.greenhouse.io/flexport/jobs/8166040,,2026-10-05
Greenhouse,flexport,"Security Engineer, Corporate Security","San Francisco, California, United States",https://job-boards.greenhouse.io/flexport/jobs/8166038,,2026-10-05
Greenhouse,flexport,"Senior Security Engineer, Detection & Response ",U.S. Remote,https://job-boards.greenhouse.io/flexport/jobs/8164847,,2026-10-05
Greenhouse,robinhood,Offensive Security Intern (Summer 2027),"Bellevue, WA; Menlo Park, CA",https://boards.greenhouse.io/robinhood/jobs/8214142?t=gh_src=&gh_jid=8214142,,2026-10-05
Greenhouse,flexport,"Senior Security Engineer, Detection & Response ","San Francisco, California, United States",https://job-boards.greenhouse.io/flexport/jobs/8160833,,2026-10-05
Greenhouse,robinhood,Senior Offensive Security Engineer,"Bellevue, WA; Denver, CO; Menlo Park, CA; New York, NY",https://boards.greenhouse.io/robinhood/jobs/8202858?t=gh_src=&gh_jid=8202858,,2026-10-05
Greenhouse,robinhood,"Senior Security Engineer, Detection & Response","Bellevue, WA; Denver, CO; Menlo Park, CA",https://boards.greenhouse.io/robinhood/jobs/8202863?t=gh_src=&gh_jid=8202863,,2026-10-05
Greenhouse,robinhood,Senior Staff Software Security Engineer,"Bellevue, WA; Menlo Park, CA",https://boards.greenhouse.io/robinhood/jobs/8167616?t=gh_src=&gh_jid=8167616,,2026-10-05
Greenhouse,robinhood,Staff Offensive Security Engineer,"Toronto, Canada",https://boards.greenhouse.io/robinhood/jobs/7460169?t=gh_src=&gh_jid=7460169,,2026-10-05
Greenhouse,robinhood,Staff Offensive Security Engineer,"Bellevue, WA; Denver, CO; Menlo Park, CA; New York, NY",https://boards.greenhouse.io/robinhood/jobs/7460167?t=gh_src=&gh_jid=7460167,,2026-10-05
Greenhouse,robinhood,"Staff Security Engineer, Detection & Response","Bellevue, WA; Denver, CO; Menlo Park, CA",https://boards.greenhouse.io/robinhood/jobs/7939818?t=gh_src=&gh_jid=7939818,,2026-10-05
Greenhouse,scaleai,"Infrastructure Security Engineer, Public Sector","New York, NY; St. Louis, MO; Washington, DC",https://job-boards.greenhouse.io/scaleai/jobs/4718258005,"CISSP, CEH, OSCP",2026-10-05
Greenhouse,mixpanel,Senior Security Engineer,"London, UK (Hybrid)",https://job-boards.greenhouse.io/mixpanel/jobs/7943584,,2026-10-05
Greenhouse,scaleai,"Product Security Engineer, Public Sector","New York, NY; St. Louis, MO; Washington, DC",https://job-boards.greenhouse.io/scaleai/jobs/4651559005,"CISSP, CEH, OSCP",2026-10-05
Greenhouse,scaleai,"Security Engineer, Infrastructure","New York, NY; San Francisco, CA; Seattle, WA; Washington, DC",https://job-boards.greenhouse.io/scaleai/jobs/4646888005,AWS Certified Security,2026-10-05
Greenhouse,scaleai,"Security Engineer, Product Security","New York, NY; San Francisco, CA; Seattle, WA; Washington, DC",https://job-boards.greenhouse.io/scaleai/jobs/4643029005,"CISSP, CEH, OSCP",2026-10-05
Greenhouse,scaleai,"Technical Program Manager, Red Team","San Francisco, CA; New York, NY",https://job-boards.greenhouse.io/scaleai/jobs/4702122005,,2026-10-05
Greenhouse,scaleai,"Senior AI Product Manager, Cybersecurity","New York, NY; San Francisco, CA",https://job-boards.greenhouse.io/scaleai/jobs/4720213005,,2026-10-05
Greenhouse,oscar,"Senior Security Engineer I, AI","New York, New York, United States",https://job-boards.greenhouse.io/oscar/jobs/8059240,,2026-10-05
Greenhouse,launchdarkly,Product Security Engineer,Remote - US West,https://job-boards.greenhouse.io/launchdarkly/jobs/7998757003,,2026-10-05
Greenhouse,expel,Associate SOC Analyst,Remote,https://expel.com/about/career-listing/8588028002?gh_jid=8588028002,,2026-10-05
Greenhouse,oscar,"Staff Security Engineer, GRC","New York, New York, United States",https://job-boards.greenhouse.io/oscar/jobs/8131843,"CISSP, CISA, CCSP, CRISC, AWS Certified Security",2026-10-05
Greenhouse,yubico,Cryptography Engineer,"Stockholm, Sweden",https://job-boards.greenhouse.io/yubico/jobs/4092967009,,2026-10-05
Greenhouse,bugcrowd,Application Security Engineer,Remote - Brazil,https://boards.greenhouse.io/bugcrowd/jobs/8157940?gh_jid=8157940,,2026-10-05
Greenhouse,bugcrowd,Application Security Engineer,Remote - Brazil,https://boards.greenhouse.io/bugcrowd/jobs/8211988?gh_jid=8211988,,2026-10-05
Greenhouse,abnormalsecurity,Application Security Engineer II,Remote - USA,https://abnormal.ai/careers/jobs/7832743003?gh_jid=7832743003,,2026-10-05
Greenhouse,bugcrowd,Product Security Engineer,Costa Rica,https://boards.greenhouse.io/bugcrowd/jobs/8202018?gh_jid=8202018,,2026-10-05
Greenhouse,abnormalsecurity,Senior Security Engineer,Remote - USA,https://abnormal.ai/careers/jobs/7896108003?gh_jid=7896108003,,2026-10-05
Greenhouse,abnormalsecurity,Senior Security Engineer,Remote - USA,https://abnormal.ai/careers/jobs/7655130003?gh_jid=7655130003,,2026-10-05
Greenhouse,adyen,Engineering Manager - Identity and Access Management,San Francisco,https://job-boards.greenhouse.io/adyen/jobs/8096256,,2026-10-05
Greenhouse,datadog,"Director, Product Management - Cloud Security and Shared Capabilities","Paris, France",https://careers.datadoghq.com/detail/8030324/?gh_jid=8030324,,2026-10-05
Greenhouse,datadog,Senior Application Security Engineer,"Paris, France",https://careers.datadoghq.com/detail/8230663/?gh_jid=8230663,,2026-10-05
Greenhouse,datadog,Senior Platform Security Engineer,"Paris, France",https://careers.datadoghq.com/detail/8094188/?gh_jid=8094188,,2026-10-05
Greenhouse,datadog,Senior Platform Security Engineer,"New York, New York, USA",https://careers.datadoghq.com/detail/7815616/?gh_jid=7815616,,2026-10-05
Greenhouse,datadog,Senior Product Marketing Manager - Incident Response,"New York, New York, USA; San Francisco, California, USA",https://careers.datadoghq.com/detail/8121553/?gh_jid=8121553,,2026-10-05
Greenhouse,datadog,"Senior Security Engineer, Vulnerability Management","Boston, Massachusetts, USA; New York, New York, USA",https://careers.datadoghq.com/detail/8173840/?gh_jid=8173840,,2026-10-05
Greenhouse,datadog,"Senior Services Architect, Security-Cloud SIEM","Denver, Colorado, USA; New York, New York, USA; San Francisco, California, USA",https://careers.datadoghq.com/detail/7996907/?gh_jid=7996907,,2026-10-05
Greenhouse,datadog,Staff Application Security Engineer,"Boston, Massachusetts, USA; Connecticut, USA, Remote; Delaware, USA, Remote; District of Columbia, USA, Remote; Maryland, USA, Remote; Massachusetts, USA, Remote; New Jersey, USA, Remote; New York, New York, USA; New York, USA, Remote; Rhode Island, USA, Remote",https://careers.datadoghq.com/detail/7777798/?gh_jid=7777798,,2026-10-05
Greenhouse,okta,"Senior Software Engineer, Security Engineering (Auth0)","Toronto, Ontario, Canada",https://www.okta.com/company/careers/opportunity/8241679?gh_jid=8241679,,2026-10-05
Greenhouse,okta,"Senior Director, GRC","San Francisco, California",https://www.okta.com/company/careers/opportunity/8130437?gh_jid=8130437,,2026-10-05
Greenhouse,okta,Principal Product Manager - Okta Identity Threat Detection and Response Products,"Bellevue, Washington; Chicago, Illinois; New York, New York; San Francisco, California; Toronto, Ontario, Canada; Washington, DC",https://www.okta.com/company/careers/opportunity/8157885?gh_jid=8157885,,2026-10-05
Greenhouse,okta,"Principal, Global Security Operations Center","Washington, DC",https://www.okta.com/company/careers/opportunity/8186035?gh_jid=8186035,,2026-10-05
Greenhouse,okta,"Staff DevSecOps Engineer, Enterprise Technology","Bengaluru, India",https://www.okta.com/company/careers/opportunity/8130056?gh_jid=8130056,"CISSP, CCSP, AWS Certified Security",2026-10-05
Greenhouse,okta,"Staff Product Security Engineer, PSIRT","Barcelona, Spain",https://www.okta.com/company/careers/opportunity/8087739?gh_jid=8087739,,2026-10-05
Greenhouse,okta,Staff DevSecOps Engineer (TS/SCI),"Washington, DC",https://www.okta.com/company/careers/opportunity/8190028?gh_jid=8190028,CISA,2026-10-05
Greenhouse,okta,Staff Security Engineer - Federal,"Chicago, Illinois; New York, New York; Seattle, Washington; Washington, DC",https://www.okta.com/company/careers/opportunity/7571064?gh_jid=7571064,,2026-10-05
Greenhouse,scopely,Senior Cloud Security Engineer ,"US - Bellevue, United States",https://job-boards.greenhouse.io/scopely/jobs/5110280008?gh_jid=5110280008,,2026-10-05
Greenhouse,scopely,"Senior Security Engineer, Software ","CH - Zurich, Switzerland",https://job-boards.greenhouse.io/scopely/jobs/5250466008?gh_jid=5250466008,,2026-10-05
Greenhouse,scopely,Sr.Client Security Engineer,"CH - Shanghai, China",https://job-boards.greenhouse.io/scopely/jobs/5123830008?gh_jid=5123830008,,2026-10-05
Greenhouse,waymo,Senior Security Engineer,"Mountain View, California, USA",https://careers.withwaymo.com/jobs?gh_jid=7160937,,2026-10-05
Greenhouse,databricks,Engineering Manager - Identity and Access Management (IAM),"Mountain View, California",https://databricks.com/company/careers/open-positions/job?gh_jid=8298018002,,2026-10-05
Greenhouse,databricks,Senior Staff Software Engineer - IAM,"Mountain View, California",https://databricks.com/company/careers/open-positions/job?gh_jid=7274563002,,2026-10-05
Greenhouse,databricks,"Senior Manager, Identity & Access Management (IAM)","Mountain View, California",https://databricks.com/company/careers/open-positions/job?gh_jid=8301830002,,2026-10-05
Greenhouse,databricks,Senior Staff Software Engineer - IAM,"Seattle, Washington",https://databricks.com/company/careers/open-positions/job?gh_jid=7274557002,,2026-10-05
Greenhouse,scopely,Senior Security IAM Engineer,ES - Spain,https://job-boards.greenhouse.io/scopely/jobs/5420171008?gh_jid=5420171008,"CISSP, AWS Certified Security",2026-10-05
Greenhouse,databricks,"Staff Security Engineer, Incident Response",Belgium; Finland; Remote - Denmark; Remote - France; Remote - Germany; Remote - Italy; Remote - Netherlands; Remote - Spain; Remote - Sweden; Remote - United Kingdom; Switzerland,https://databricks.com/company/careers/open-positions/job?gh_jid=8612868002,,2026-10-05
Greenhouse,databricks,Staff Enterprise Security Engineer,Remote - California,https://databricks.com/company/careers/open-positions/job?gh_jid=8479031002,,2026-10-05
Greenhouse,databricks,Staff Software Engineer - IAM,"Mountain View, California",https://databricks.com/company/careers/open-positions/job?gh_jid=7994801002,,2026-10-05
Greenhouse,databricks,Staff Software Engineer - IAM,"Bellevue, Washington",https://databricks.com/company/careers/open-positions/job?gh_jid=7994790002,,2026-10-05
Greenhouse,databricks,"Staff Security Software Engineer, Agentic Security Engineering ",Remote - California,https://databricks.com/company/careers/open-positions/job?gh_jid=7882009002,,2026-10-05
Greenhouse,tines,Senior Security Operations Engineer,United States (Remote),https://job-boards.greenhouse.io/tines/jobs/6188134004,,2026-10-05
Greenhouse,gitlab,"Intermediate Security Engineer, Security Incident Response Team (SIRT)","Remote, Australia",https://job-boards.greenhouse.io/gitlab/jobs/8782306002,,2026-10-05
Greenhouse,tines,"Senior Manager, Product Security",United States (Remote),https://job-boards.greenhouse.io/tines/jobs/6166463004,,2026-10-05
Greenhouse,gitlab,"Intermediate Security Analyst, Vulnerability Operations  (North America)","Remote, Canada; Remote, United States",https://job-boards.greenhouse.io/gitlab/jobs/8821526002,,2026-10-05
Greenhouse,gitlab,"Intermediate Software Engineer, Security Factory: Vulnerability Management ","Remote, Canada; Remote, Israel; Remote, United Kingdom",https://job-boards.greenhouse.io/gitlab/jobs/8688078002,,2026-10-05
Greenhouse,gitlab,"Senior Security Engineer, Incident Response Team (Australia)","Remote, Australia",https://job-boards.greenhouse.io/gitlab/jobs/8815229002,,2026-10-05
Greenhouse,gitlab,"Senior Product Manager, Secret Detection and Vulnerability Research","Remote, United States",https://job-boards.greenhouse.io/gitlab/jobs/8697043002,,2026-10-05
Greenhouse,gitlab,"Senior Security Engineer, Security Incident Response Team (SIRT) - EMEA","Remote, Israel; Remote, Poland; Remote, United Kingdom",https://job-boards.greenhouse.io/gitlab/jobs/8628447002,,2026-10-05
Greenhouse,gitlab,Staff Corporate Security Engineer ,"Remote, Canada; Remote, United States",https://job-boards.greenhouse.io/gitlab/jobs/8734888002,,2026-10-05
Greenhouse,roblox,"Engineering Manager, Application Security","San Mateo, CA, United States",https://careers.roblox.com/jobs/7887896?gh_jid=7887896,,2026-10-05
Greenhouse,roblox,Principal Security GRC Analyst,"San Mateo, CA, United States",https://careers.roblox.com/jobs/8056346?gh_jid=8056346,,2026-10-05
Greenhouse,gitlab,Staff Product Security Architect ,"Remote, Canada; Remote, Israel; Remote, Poland; Remote, United Kingdom; Remote, United States",https://job-boards.greenhouse.io/gitlab/jobs/8815140002,,2026-10-05
Greenhouse,monzo,Senior Security Analyst,"Cardiff, London or Remote (UK)",https://job-boards.greenhouse.io/monzo/jobs/8204229,,2026-10-05
Greenhouse,roblox,"Principal Security Software Engineer, Application Security","San Mateo, CA, United States",https://careers.roblox.com/jobs/7789332?gh_jid=7789332,,2026-10-05
Greenhouse,roblox,"Principal Security Software Engineer, IAM","San Mateo, CA, United States",https://careers.roblox.com/jobs/8099958?gh_jid=8099958,,2026-10-05
Greenhouse,roblox,Senior Cloud Security Engineer ,"San Mateo, CA, United States",https://careers.roblox.com/jobs/7997039?gh_jid=7997039,,2026-10-05
Greenhouse,roblox,"Senior Security Engineer, Detection and Response","London, England, United Kingdom",https://careers.roblox.com/jobs/8037805?gh_jid=8037805,,2026-10-05
Greenhouse,roblox,Senior Offensive Security Engineer,"San Mateo, CA, United States",https://careers.roblox.com/jobs/8070888?gh_jid=8070888,"OSCP, GIAC (other)",2026-10-05
Greenhouse,roblox,"Senior Security Software Engineer, Application Security","San Mateo, CA, United States",https://careers.roblox.com/jobs/7896293?gh_jid=7896293,,2026-10-05
Greenhouse,roblox,"Senior Security Software Engineer, Vulnerability Management","San Mateo, CA, United States",https://careers.roblox.com/jobs/7922649?gh_jid=7922649,,2026-10-05
Greenhouse,roblox,"Senior Security Software Engineer, IAM","San Mateo, CA, United States",https://careers.roblox.com/jobs/8016408?gh_jid=8016408,,2026-10-05
Greenhouse,cloudflare,AI Security Research & Red Team Engineer,Hybrid,https://boards.greenhouse.io/cloudflare/jobs/8097321?gh_jid=8097321,,2026-10-05
Greenhouse,cloudflare,IAM Security Engineer,Hybrid,https://boards.greenhouse.io/cloudflare/jobs/8157997?gh_jid=8157997,,2026-10-05
Greenhouse,cloudflare,"Forward Deployed Engineer, Professional Services (Application Security)",Hybrid,https://boards.greenhouse.io/cloudflare/jobs/8203794?gh_jid=8203794,CISSP,2026-10-05
Greenhouse,cloudflare,GRC Engineer,Hybrid,https://boards.greenhouse.io/cloudflare/jobs/8045914?gh_jid=8045914,,2026-10-05
Greenhouse,cloudflare,Incident Response Analyst - React,In-Office,https://boards.greenhouse.io/cloudflare/jobs/8025650?gh_jid=8025650,,2026-10-05
Greenhouse,cloudflare,Network Security Engineer,Hybrid,https://boards.greenhouse.io/cloudflare/jobs/8081027?gh_jid=8081027,"CISSP, GIAC GCIH, GIAC GCIA, GIAC (other)",2026-10-05
Greenhouse,cloudflare,Security Engineer (IAM),In-Office,https://boards.greenhouse.io/cloudflare/jobs/8124227?gh_jid=8124227,,2026-10-05
Greenhouse,cloudflare,Product Security Engineer,Hybrid,https://boards.greenhouse.io/cloudflare/jobs/8102768?gh_jid=8102768,,2026-10-05
Greenhouse,cloudflare,Senior Product Security Engineer,Hybrid,https://boards.greenhouse.io/cloudflare/jobs/8079931?gh_jid=8079931,,2026-10-05
Greenhouse,cloudflare,Senior Systems Engineer - Application Security,Hybrid,https://boards.greenhouse.io/cloudflare/jobs/8222091?gh_jid=8222091,,2026-10-05
Greenhouse,cloudflare,"Senior Software Engineer, PKI & Cryptographic Systems",Hybrid,https://boards.greenhouse.io/cloudflare/jobs/8237801?gh_jid=8237801,,2026-10-05
Greenhouse,cloudflare,Senior Threat Intelligence Engineer,Hybrid,https://boards.greenhouse.io/cloudflare/jobs/7558153?gh_jid=7558153,,2026-10-05
Greenhouse,cloudflare,"Threat Intelligence Software Engineer, Cloudforce One",Hybrid,https://boards.greenhouse.io/cloudflare/jobs/7309174?gh_jid=7309174,,2026-10-05
Greenhouse,starburst,Security Engineer,India,https://job-boards.greenhouse.io/starburst/jobs/5399498008,,2026-10-05
Greenhouse,cloudflare,"Vulnerability Defense Software Engineer, Cloudforce One",Hybrid,https://boards.greenhouse.io/cloudflare/jobs/8245503?gh_jid=8245503,,2026-10-05
Greenhouse,cloudflare,Vulnerability Management Engineer,Hybrid,https://boards.greenhouse.io/cloudflare/jobs/7579269?gh_jid=7579269,,2026-10-05
Greenhouse,starburst,Security Engineer,"Warsaw, Poland",https://job-boards.greenhouse.io/starburst/jobs/5119301008,,2026-10-05
Greenhouse,vercel,GRC Analyst,Remote - United States,https://job-boards.greenhouse.io/vercel/jobs/6102654004,"CISSP, CISM",2026-10-05
Greenhouse,starburst,Senior Application Security Engineer,"Boston, MA",https://job-boards.greenhouse.io/starburst/jobs/5399485008,,2026-10-05
Greenhouse,vercel,"Security Engineer, Cloud",Remote - United States,https://job-boards.greenhouse.io/vercel/jobs/6102335004,"CISSP, OSCP, Google Professional Cloud Security Engineer",2026-10-05
Greenhouse,vercel,Product Security Engineer,"Hybrid - San Francisco, New York City, London",https://job-boards.greenhouse.io/vercel/jobs/6102343004,"CISSP, OSCP, OSWE",2026-10-05
Greenhouse,vercel,"Security Engineer, Detection Response","Hybrid - San Francisco, New York City, London",https://job-boards.greenhouse.io/vercel/jobs/6111332004,,2026-10-05
Greenhouse,chainguard,Senior Product Security Engineer,United Kingdom - Remote,https://job-boards.greenhouse.io/chainguard/jobs/4688972006,,2026-10-05
Greenhouse,chainguard,Senior Product Security Engineer,United States - Remote,https://job-boards.greenhouse.io/chainguard/jobs/4688970006,,2026-10-05
Greenhouse,chainguard,Senior Product Security Engineer,Canada - Remote,https://job-boards.greenhouse.io/chainguard/jobs/4688971006,,2026-10-05
Greenhouse,chainguard,Senior Security Engineer (Infrastructure),United States - Remote,https://job-boards.greenhouse.io/chainguard/jobs/4714346006,,2026-10-05
Greenhouse,chainguard,Senior Security Analyst (Governance and Trust),United States - Remote,https://job-boards.greenhouse.io/chainguard/jobs/4706351006,,2026-10-05
Greenhouse,chainguard,Staff Software Engineer (Malware Detection),United States - Remote,https://job-boards.greenhouse.io/chainguard/jobs/4713466006,,2026-10-05
Greenhouse,chainguard,Staff Software Engineer (Malware Detection),Canada - Remote,https://job-boards.greenhouse.io/chainguard/jobs/4713469006,,2026-10-05
Greenhouse,recordedfuture,Senior Malware Analyst,"Gothenburg, Sweden",https://job-boards.greenhouse.io/recordedfuture/jobs/8812460002,,2026-10-05
Greenhouse,recordedfuture,"Cloud Security Engineer, Product Security","Gothenburg, Sweden ",https://job-boards.greenhouse.io/recordedfuture/jobs/8450923002,,2026-10-05
Greenhouse,recordedfuture,Sr.Product Manager - Threat Intelligence Analytics,"London, UK",https://job-boards.greenhouse.io/recordedfuture/jobs/8652544002,,2026-10-05
Greenhouse,recordedfuture,Threat Intelligence Response Analyst,"London, England, UK",https://job-boards.greenhouse.io/recordedfuture/jobs/8859088002,CompTIA Security+,2026-10-05
Greenhouse,verkada,Embedded Linux Security Engineer,"San Mateo, CA United States",https://job-boards.greenhouse.io/verkada/jobs/4129347007,,2026-10-05
Greenhouse,verkada,GRC Engineer ,"San Mateo, CA United States",https://job-boards.greenhouse.io/verkada/jobs/5234231007,,2026-10-05
Greenhouse,verkada,Senior+ IAM Engineer,"San Mateo, CA United States",https://job-boards.greenhouse.io/verkada/jobs/5242797007,,2026-10-05
Greenhouse,verkada,"Staff+ Security Engineer, Core Command ","San Mateo, CA United States",https://job-boards.greenhouse.io/verkada/jobs/5167601007,,2026-10-05
Greenhouse,verkada,"Staff+ Security Engineer, Developer Tools","San Mateo, CA United States",https://job-boards.greenhouse.io/verkada/jobs/5167607007,,2026-10-05
Greenhouse,fastly,Senior Data Security Architect,"San Francisco, CA",https://www.fastly.com/about/jobs/apply?gh_jid=8089506,,2026-10-05
Greenhouse,fastly,"Staff Product Manager, UX & IAM","San Francisco, CA",https://www.fastly.com/about/jobs/apply?gh_jid=8208191,,2026-10-05
Greenhouse,fastly,Threat Detection Analyst (Japanese & English speaking),Australia (Remote),https://www.fastly.com/about/jobs/apply?gh_jid=7912473,,2026-10-05
Greenhouse,fastly,Threat Detection Analyst (Japanese & English speaking),"Singapore, Singapore",https://www.fastly.com/about/jobs/apply?gh_jid=7912475,,2026-10-05
Greenhouse,axonius,Product Security Architect- 9-month temp position,United Kindom,https://www.axonius.com/company/careers/open-jobs?gh_jid=8004181003,"CISSP, OSCP, CCSP",2026-10-05
Greenhouse,axonius,Product Security Architect- 9-month temp position,"Tel Aviv, Israel",https://www.axonius.com/company/careers/open-jobs?gh_jid=7886132003,"CISSP, OSCP, CCSP",2026-10-05
Greenhouse,axonius,Product Security Architect- 9-month temp position,Portugal ,https://www.axonius.com/company/careers/open-jobs?gh_jid=8004240003,"CISSP, OSCP, CCSP",2026-10-05
Greenhouse,fastly,Threat Detection Analyst (Japanese Speaking) ,"Tokyo, Japan",https://www.fastly.com/about/jobs/apply?gh_jid=7641510,,2026-10-05
Greenhouse,axonius,Senior Cyber Data Analyst,"Tel Aviv, Israel",https://www.axonius.com/company/careers/open-jobs?gh_jid=7995553003,,2026-10-05
Greenhouse,axonius,Senior Product Security Architect,"UK, Remote",https://www.axonius.com/company/careers/open-jobs?gh_jid=8007963003,"CISSP, OSCP, CCSP",2026-10-05
Greenhouse,axonius,Senior Product Security Architect,"Tel Aviv, Israel",https://www.axonius.com/company/careers/open-jobs?gh_jid=7748661003,"CISSP, OSCP, CCSP",2026-10-05
Greenhouse,axonius,Senior Product Security Architect,"Portugal, Remote",https://www.axonius.com/company/careers/open-jobs?gh_jid=8007962003,"CISSP, OSCP, CCSP",2026-10-05
Greenhouse,elastic,Consulting Architect - Security/SIEM (Canberra),Australia,https://jobs.elastic.co/jobs?gh_jid=8138599&gh_jid=8138599,,2026-10-05
Greenhouse,elastic,Principal Security Compliance Analyst - Public Sector - InfoSec,United States,https://jobs.elastic.co/jobs?gh_jid=8166582&gh_jid=8166582,,2026-10-05
Greenhouse,elastic,Senior Information Security Infrastructure Engineer - Security Architecture - InfoSec,Portugal,https://jobs.elastic.co/jobs?gh_jid=8195964&gh_jid=8195964,,2026-10-05
Greenhouse,elastic,Principal Product Manager - Identity Threat Detection & Response,Spain,https://jobs.elastic.co/jobs?gh_jid=8122171&gh_jid=8122171,,2026-10-05
Greenhouse,elastic,Senior Information Security Infrastructure Engineer - Security Architecture - InfoSec,Spain,https://jobs.elastic.co/jobs?gh_jid=8088013&gh_jid=8088013,,2026-10-05
Greenhouse,elastic,Senior Information Security Infrastructure Engineer - Security Architecture - InfoSec,Greece,https://jobs.elastic.co/jobs?gh_jid=8195929&gh_jid=8195929,,2026-10-05
Greenhouse,elastic,Senior Information Security Infrastructure Engineer - Security Architecture - InfoSec,Ireland,https://jobs.elastic.co/jobs?gh_jid=8195937&gh_jid=8195937,,2026-10-05
Greenhouse,elastic,Senior Information Security Infrastructure Engineer - Security Architecture - InfoSec,United Kingdom,https://jobs.elastic.co/jobs?gh_jid=8195967&gh_jid=8195967,,2026-10-05
Greenhouse,elastic,Senior Information Security Infrastructure Engineer - Security Architecture - InfoSec,Poland,https://jobs.elastic.co/jobs?gh_jid=8195949&gh_jid=8195949,,2026-10-05
Greenhouse,elastic,Senior Network Security Engineer | Zero Trust Architecture,United States,https://jobs.elastic.co/jobs?gh_jid=8103695&gh_jid=8103695,,2026-10-05
Greenhouse,elastic,"Senior Security Research Engineer, SONAR (Security Operations and Novel Adversary Research)",Spain,https://jobs.elastic.co/jobs?gh_jid=8161936&gh_jid=8161936,,2026-10-05
Greenhouse,elastic,"Senior Security Research Engineer, SONAR (Security Operations and Novel Adversary Research)",Canada,https://jobs.elastic.co/jobs?gh_jid=8130114&gh_jid=8130114,,2026-10-05
Greenhouse,dragos,Associate Principal Cyber Threat Intelligence Analyst,Washington DC,https://job-boards.greenhouse.io/dragos/jobs/5389909008,,2026-10-05
Greenhouse,dragos,Associate Principal Cyber Threat Intelligence Analyst ,Singapore,https://job-boards.greenhouse.io/dragos/jobs/5385088008,,2026-10-05
Greenhouse,elastic,"Senior Security Research Engineer, SONAR (Security Operations and Novel Adversary Research)",United States,https://jobs.elastic.co/jobs?gh_jid=8161935&gh_jid=8161935,,2026-10-05
Greenhouse,elastic,Senior Solutions Architect - SIEM,The Netherlands,https://jobs.elastic.co/jobs?gh_jid=8156268&gh_jid=8156268,"CISSP, CEH, GIAC (other)",2026-10-05
Greenhouse,dragos,Associate Principal Malware Analyst,United States,https://job-boards.greenhouse.io/dragos/jobs/5371376008,,2026-10-05
Greenhouse,dragos," Manager, Product Security Engineering",United States,https://job-boards.greenhouse.io/dragos/jobs/5368582008,,2026-10-05
Greenhouse,dragos,Principal Consultant - ICS/OT Cybersecurity ,Singapore,https://job-boards.greenhouse.io/dragos/jobs/5391737008,,2026-10-05
Greenhouse,dragos,Principal Vulnerability Analyst ,United States,https://job-boards.greenhouse.io/dragos/jobs/5369221008,,2026-10-05
Greenhouse,dragos,Senior Consultant - ICS/OT Cybersecurity ,Australia ,https://job-boards.greenhouse.io/dragos/jobs/5282799008,,2026-10-05
Greenhouse,dragos,Senior OT Security Analyst,Australia ,https://job-boards.greenhouse.io/dragos/jobs/5423600008,,2026-10-05
Greenhouse,dragos,Senior OT Security Analyst,United Kingdom,https://job-boards.greenhouse.io/dragos/jobs/5423596008,,2026-10-05
Greenhouse,dragos,Senior OT Security Analyst,United States,https://job-boards.greenhouse.io/dragos/jobs/5423584008,,2026-10-05
Greenhouse,dragos,Senior OT Threat Hunter,United States,https://job-boards.greenhouse.io/dragos/jobs/5416471008,,2026-10-05
Greenhouse,dragos,Senior Threat Detection Engineer,United States,https://job-boards.greenhouse.io/dragos/jobs/5394075008,"OSCP, CompTIA CySA+, GIAC GCIH, GIAC GCIA, CompTIA PenTest+, OSEP",2026-10-05
Greenhouse,samsara,Senior AI Security Engineer,Remote - Denver,https://www.samsara.com/company/careers/roles/8247432?gh_jid=8247432,"CISSP, OSCP, GIAC (other)",2026-10-05
Greenhouse,samsara,Senior AI Security Engineer,Remote - Seattle,https://www.samsara.com/company/careers/roles/8247424?gh_jid=8247424,"CISSP, OSCP, GIAC (other)",2026-10-05
Greenhouse,samsara,Senior AI Security Engineer,Remote - CA,https://www.samsara.com/company/careers/roles/8171920?gh_jid=8171920,"CISSP, OSCP, GIAC (other)",2026-10-05
Greenhouse,samsara,Senior AI Security Engineer,Remote - Dallas,https://www.samsara.com/company/careers/roles/8247429?gh_jid=8247429,"CISSP, OSCP, GIAC (other)",2026-10-05
Greenhouse,samsara,Senior Security Engineer - Enterprise Security,London - UK2; Remote - London,https://www.samsara.com/company/careers/roles/8223369?gh_jid=8223369,,2026-10-05
Greenhouse,samsara,Senior Security Engineer - Threat Detection,Remote - Dallas,https://www.samsara.com/company/careers/roles/8237426?gh_jid=8237426,,2026-10-05
Greenhouse,samsara,Senior Security Engineer - Threat Detection,Remote - CA,https://www.samsara.com/company/careers/roles/8212787?gh_jid=8212787,,2026-10-05
Greenhouse,samsara,Senior Security Engineer - Threat Detection,Remote - Seattle,https://www.samsara.com/company/careers/roles/8237427?gh_jid=8237427,,2026-10-05
Greenhouse,samsara,Senior Security Operations Engineer,Remote - Seattle,https://www.samsara.com/company/careers/roles/8021105?gh_jid=8021105,"GIAC GCIH, GIAC (other)",2026-10-05
Greenhouse,samsara,Senior Security Operations Engineer,Remote - OR,https://www.samsara.com/company/careers/roles/8212286?gh_jid=8212286,"GIAC GCIH, GIAC (other)",2026-10-05
Greenhouse,samsara,Senior Security Operations Engineer,"San Francisco, CA, United States",https://www.samsara.com/company/careers/roles/8204369?gh_jid=8204369,"GIAC GCIH, GIAC (other)",2026-10-05
Greenhouse,samsara,Senior Security Operations Engineer,United Kingdom,https://www.samsara.com/company/careers/roles/8038153?gh_jid=8038153,"GIAC GCIH, GIAC (other)",2026-10-05
Greenhouse,samsara,Senior Security Operations Engineer,Remote - CA,https://www.samsara.com/company/careers/roles/8223613?gh_jid=8223613,"GIAC GCIH, GIAC (other)",2026-10-05
Greenhouse,samsara,Senior Security Operations Engineer I,Remote - Vancouver,https://www.samsara.com/company/careers/roles/8027084?gh_jid=8027084,"GIAC GCIH, GIAC (other)",2026-10-05
Greenhouse,samsara,Staff Application Security Engineer,United Kingdom,https://www.samsara.com/company/careers/roles/8180630?gh_jid=8180630,,2026-10-05
Greenhouse,samsara,Staff Application Security Engineer,Remote - Seattle,https://www.samsara.com/company/careers/roles/8205118?gh_jid=8205118,,2026-10-05
Greenhouse,samsara,Staff Application Security Engineer,Remote - DC,https://www.samsara.com/company/careers/roles/8205139?gh_jid=8205139,,2026-10-05
Greenhouse,samsara,Staff Application Security Engineer,Remote - NYC,https://www.samsara.com/company/careers/roles/8205146?gh_jid=8205146,,2026-10-05
Greenhouse,samsara,Staff Application Security Engineer,Remote - Dallas,https://www.samsara.com/company/careers/roles/8205149?gh_jid=8205149,,2026-10-05
Greenhouse,huntress,"Manager, Security Operations Center - EMEA",Remote Ireland,https://job-boards.greenhouse.io/huntress/jobs/7977227003,,2026-10-05
Greenhouse,samsara,Staff Application Security Engineer,"San Francisco, CA, United States",https://www.samsara.com/company/careers/roles/7852183?gh_jid=7852183,,2026-10-05
Greenhouse,huntress,"Manager, Security Operations Center - EMEA",United Kingdom,https://job-boards.greenhouse.io/huntress/jobs/7977225003,,2026-10-05
Greenhouse,huntress,"Principal Software Engineer, SIEM (Ruby/Rails) ",United States of America,https://job-boards.greenhouse.io/huntress/jobs/7776837003,,2026-10-05
Greenhouse,huntress,Security Operations Analyst- Ireland,Ireland,https://job-boards.greenhouse.io/huntress/jobs/7835871003,,2026-10-05
Greenhouse,huntress,Security Operations Analyst,Australia,https://job-boards.greenhouse.io/huntress/jobs/7998473003,,2026-10-05
Greenhouse,huntress,Security Operations Analyst- UK,United Kingdom,https://job-boards.greenhouse.io/huntress/jobs/7835873003,,2026-10-05
Greenhouse,huntress,Senior Detection Engineering & Threat Hunting Analyst,United States of America,https://job-boards.greenhouse.io/huntress/jobs/7998317003,,2026-10-05
Greenhouse,huntress,"Senior Manager, Detection Engineering & Threat Hunting",United States of America,https://job-boards.greenhouse.io/huntress/jobs/7728615003,,2026-10-05
Greenhouse,huntress,Senior Detection Engineering & Threat Hunting Analyst,Australia,https://job-boards.greenhouse.io/huntress/jobs/7998321003,,2026-10-05
Greenhouse,huntress,"Staff Product Manager, SIEM",United States of America,https://job-boards.greenhouse.io/huntress/jobs/7663059003,,2026-10-05
Greenhouse,stripe,Client Platform Security Engineer,"New York, New York ",https://stripe.com/jobs/search?gh_jid=7982720,,2026-10-05
Greenhouse,huntress,"Vice President, Threat Detection & Response",United States of America,https://job-boards.greenhouse.io/huntress/jobs/7761899003,,2026-10-05
Greenhouse,stripe,Cloud Security Engineer,Seattle,https://stripe.com/jobs/search?gh_jid=7867389,,2026-10-05
Greenhouse,stripe,Forward Deployed Security Engineer,Dublin,https://stripe.com/jobs/search?gh_jid=8181003,,2026-10-05
Greenhouse,stripe,Incident Response Manager ,"Ireland, Dublin",https://stripe.com/jobs/search?gh_jid=8167558,,2026-10-05
Greenhouse,stripe,Incident Response Manager - Abuse Operations ,Dublin,https://stripe.com/jobs/search?gh_jid=8172493,,2026-10-05
Greenhouse,stripe,Incident Response Manager - Security ,Dublin,https://stripe.com/jobs/search?gh_jid=8007205,,2026-10-05
Greenhouse,stripe,"Security Engineer, Bridge","SF, New York, Seattle",https://stripe.com/jobs/search?gh_jid=7776179,,2026-10-05
Greenhouse,stripe,Security Engineer ,US Remote ,https://stripe.com/jobs/search?gh_jid=8174965,,2026-10-05
Greenhouse,stripe,Offensive Security Engineer,US - Remote,https://stripe.com/jobs/search?gh_jid=8233889,"OSCP, GIAC (other), OSEP, OSWE",2026-10-05
Greenhouse,stripe,"Security Engineer, ACE","Dublin, Ireland",https://stripe.com/jobs/search?gh_jid=8174984,,2026-10-05
Greenhouse,stripe,"Security GRC Analyst/Program Manager, Bridge",New York ,https://stripe.com/jobs/search?gh_jid=8237244,,2026-10-05
Greenhouse,stripe,"Security Engineer, Privy",NYC-Privy,https://stripe.com/jobs/search?gh_jid=8073092,,2026-10-05
Greenhouse,stripe,"Security Incident Response Manager, Abuse Operations","Seattle, SF, NYC, Chicago, Atlanta, Remote in the US",https://stripe.com/jobs/search?gh_jid=8172497,,2026-10-05
Greenhouse,stripe,Security Engineer - Proactive Threat,Ireland,https://stripe.com/jobs/search?gh_jid=7820898,"OSCP, GIAC (other), OSEP, OSWE",2026-10-05
Greenhouse,stripe,"Software Engineer, Vulnerability Management",US - Remote,https://stripe.com/jobs/search?gh_jid=8089353,,2026-10-05
Greenhouse,stripe,"Software Engineer, Product Security Data Platforms",Seattle,https://stripe.com/jobs/search?gh_jid=7761694,,2026-10-05
Greenhouse,stripe,"Staff Security Engineer, Abuse Control",Dublin,https://stripe.com/jobs/search?gh_jid=8174963,,2026-10-05
Greenhouse,stripe,"Staff Security Engineer, Abuse Control",London,https://stripe.com/jobs/search?gh_jid=8211180,,2026-10-05
Greenhouse,anthropic,Cyber Evaluations Engineer,"Remote-Friendly, United States; San Francisco, CA | Washington, DC",https://job-boards.greenhouse.io/anthropic/jobs/5406367008,,2026-10-05
Greenhouse,anthropic,"Applied AI Architect, Cyber","San Francisco, CA | New York City, NY",https://job-boards.greenhouse.io/anthropic/jobs/5387733008,,2026-10-05
Greenhouse,anthropic,Incident Response Manager - Privacy,"San Francisco, CA | New York City, NY",https://job-boards.greenhouse.io/anthropic/jobs/5432528008,,2026-10-05
Greenhouse,anthropic,"Engineering Manager, GRC Platform","San Francisco, CA | New York City, NY | Seattle, WA",https://job-boards.greenhouse.io/anthropic/jobs/4980335008,,2026-10-05
Greenhouse,anthropic,Incident Response Manager - Product & Engineering,"Dublin, IE; London, UK; New York City, NY; Remote-Friendly, United States",https://job-boards.greenhouse.io/anthropic/jobs/5205495008,,2026-10-05
Greenhouse,anthropic,"Platform Security Engineering, Operating Systems ","San Francisco, CA | New York City, NY | Seattle, WA",https://job-boards.greenhouse.io/anthropic/jobs/5290426008,,2026-10-05
Greenhouse,anthropic,"Manager, Customer Success – Cyber","Boston, MA; San Francisco, CA | New York City, NY; Seattle, WA; Washington, DC",https://job-boards.greenhouse.io/anthropic/jobs/5421541008,,2026-10-05
Greenhouse,anthropic,"Platform Security Engineer, OpenBMC","San Francisco, CA | New York City, NY | Seattle, WA",https://job-boards.greenhouse.io/anthropic/jobs/5271346008,,2026-10-05
Greenhouse,anthropic,"Product Manager, Cybersecurity ","San Francisco, CA | New York City, NY",https://job-boards.greenhouse.io/anthropic/jobs/5393526008,,2026-10-05
Greenhouse,anthropic,"Product Manager, Safeguards (Cyber)","San Francisco, CA",https://job-boards.greenhouse.io/anthropic/jobs/5097490008,,2026-10-05
Greenhouse,anthropic,"Research Engineer, Cybersecurity RL (Reinforcement Learning)","Zürich, CH",https://job-boards.greenhouse.io/anthropic/jobs/5412334008,,2026-10-05
Greenhouse,anthropic,"Program Manager, Safeguards Policy, Enforcement, and Threat Intelligence","San Francisco, CA",https://job-boards.greenhouse.io/anthropic/jobs/5440535008,,2026-10-05
Greenhouse,anthropic,"Red Team Engineer, Safeguards","Remote-Friendly (Travel Required) | San Francisco, CA",https://job-boards.greenhouse.io/anthropic/jobs/5320469008,,2026-10-05
Greenhouse,anthropic,"Research Engineer, Cybersecurity RL (Reinforcement Learning)","San Francisco, CA | New York City, NY",https://job-boards.greenhouse.io/anthropic/jobs/5025624008,,2026-10-05
Greenhouse,anthropic,"Safeguards Enforcement Lead, Cyber Harms","San Francisco, CA | New York City, NY | Washington, DC",https://job-boards.greenhouse.io/anthropic/jobs/5403775008,,2026-10-05
Greenhouse,anthropic,"Safeguards Enforcement Analyst, Cyber Harm ","San Francisco, CA | New York City, NY | Washington, DC",https://job-boards.greenhouse.io/anthropic/jobs/5311159008,,2026-10-05
Greenhouse,anthropic,"Security Audit & Controls, Security GRC","San Francisco, CA | New York City, NY | Seattle, WA",https://job-boards.greenhouse.io/anthropic/jobs/5436826008,"CISSP, CISA",2026-10-05
Greenhouse,anthropic,"Security Engineer, Detection & Response","San Francisco, CA | New York City, NY | Seattle, WA; Washington, DC",https://job-boards.greenhouse.io/anthropic/jobs/4982193008,,2026-10-05
Greenhouse,anthropic,"Security Engineer, Corporate Security","San Francisco, CA | Seattle, WA | New York City, NY | Washington, DC",https://job-boards.greenhouse.io/anthropic/jobs/5397319008,,2026-10-05
Greenhouse,anthropic,"Security Audit & Controls, Security GRC","San Francisco, CA | New York City, NY",https://job-boards.greenhouse.io/anthropic/jobs/5439224008,"CISSP, CISA",2026-10-05
Greenhouse,anthropic,"Security Engineer, Offensive Security","Remote-Friendly, United States; San Francisco, CA | Seattle, WA | New York City, NY | Washington, DC",https://job-boards.greenhouse.io/anthropic/jobs/5418977008,,2026-10-05
Greenhouse,anthropic,Security Engineer - Threat Intel,"New York City, NY; Remote-Friendly (Travel-Required) | San Francisco, CA | Washington, DC; San Francisco, CA | New York City, NY",https://job-boards.greenhouse.io/anthropic/jobs/5195705008,,2026-10-05
Greenhouse,anthropic,"Senior Safeguards Policy Lead, Cyber Harms","Washington, DC",https://job-boards.greenhouse.io/anthropic/jobs/5397708008,,2026-10-05
Greenhouse,anthropic,Senior Software Security Engineer,"San Francisco, CA | New York City, NY | Seattle, WA",https://job-boards.greenhouse.io/anthropic/jobs/4887959008,,2026-10-05
Greenhouse,anthropic,"Software Engineering Manager, Network Security","San Francisco, CA | New York City, NY",https://job-boards.greenhouse.io/anthropic/jobs/5098092008,,2026-10-05
Greenhouse,anthropic,"Solutions Marketing Manager, Cybersecurity","San Francisco, CA; Washington, DC",https://job-boards.greenhouse.io/anthropic/jobs/5420245008,,2026-10-05
Greenhouse,anthropic,Staff+ Application Security Engineer,"Remote-Friendly (Travel-Required) | San Francisco, CA | Seattle, WA | New York City, NY",https://job-boards.greenhouse.io/anthropic/jobs/4502508008,,2026-10-05
Greenhouse,anthropic,Staff+ Application Security Engineer  - M&A  ,"Remote-Friendly (Travel-Required) | San Francisco, CA | Seattle, WA | New York City, NY",https://job-boards.greenhouse.io/anthropic/jobs/5311463008,,2026-10-05
Greenhouse,anthropic,"Staff+ Researcher, Cybersecurity Products","San Francisco, CA",https://job-boards.greenhouse.io/anthropic/jobs/5385217008,,2026-10-05
Greenhouse,anthropic," Staff Security Engineer, Detection & Response","Zürich, CH",https://job-boards.greenhouse.io/anthropic/jobs/5432626008,,2026-10-05
Greenhouse,anthropic,"Staff+ Software Engineer, Cybersecurity Products","San Francisco, CA",https://job-boards.greenhouse.io/anthropic/jobs/5063007008,,2026-10-05
Greenhouse,anthropic,"Staff Security Engineer, Risk Engineering","San Francisco, CA | New York City, NY | Seattle, WA",https://job-boards.greenhouse.io/anthropic/jobs/5250052008,,2026-10-05
Greenhouse,anthropic,"Staff+ Software Engineer, GRC Platform","San Francisco, CA | New York City, NY | Seattle, WA",https://job-boards.greenhouse.io/anthropic/jobs/5250091008,,2026-10-05
Greenhouse,anthropic,Staff Software Security Engineer,"London, UK",https://job-boards.greenhouse.io/anthropic/jobs/5022845008,,2026-10-05
Greenhouse,anthropic,Staff+ Software Security Engineer,"San Francisco, CA | New York City, NY | Seattle, WA",https://job-boards.greenhouse.io/anthropic/jobs/5120512008,,2026-10-05
Greenhouse,anthropic,Technical Cyber Threat Investigator ,"Remote-Friendly (Travel-Required) | San Francisco, CA | Washington, DC",https://job-boards.greenhouse.io/anthropic/jobs/5066995008,,2026-10-05
Greenhouse,anthropic,"Supplier Security & Assurance, Security GRC","San Francisco, CA | Seattle, WA | New York City, NY | Washington, DC",https://job-boards.greenhouse.io/anthropic/jobs/5427893008,,2026-10-05
Greenhouse,anthropic,Threat Intelligence Engineer,"Remote-Friendly (Travel-Required) | San Francisco, CA | Washington, DC",https://job-boards.greenhouse.io/anthropic/jobs/5074937008,,2026-10-05
Greenhouse,anthropic,"Threat Intel Manager, CBRN-E & Advanced Weapons","San Francisco, CA | New York City, NY | Washington, DC",https://job-boards.greenhouse.io/anthropic/jobs/5305631008,,2026-10-05
Greenhouse,anthropic,"Threat Intel Manager, Model Exploitation & Fraud","San Francisco, CA",https://job-boards.greenhouse.io/anthropic/jobs/5305476008,,2026-10-05
